"","PlayerID","LastName","FirstName","Bats","Pitches","Team","Position"
"1","berrj001","Berrios","Jose","R","R","MIN","P"
"2","bettm001","Betts","Mookie","R","R","BOS","OF"
"3","biebs001","Bieber","Shane","R","R","CLE","P"
"4","bogax001","Bogaerts","Xander","R","R","BOS","SS"
"5","branm003","Brantley","Michael","L","L","HOU","OF"
"6","brega001","Bregman","Alex","R","R","HOU","SS"
"7","chapa001","Chapman","Aroldis","L","L","NYA","P"
"8","chapm001","Chapman","Matt","R","R","OAK","3B"
"9","coleg001","Cole","Gerrit","R","R","HOU","P"
"10","gallj002","Gallo","Joey","L","R","TEX","OF"
"11","gioll001","Giolito","Lucas","R","R","CHA","P"
"12","grees005","Greene","Shane","R","R","DET","P"
"13","handb001","Hand","Brad","L","L","CLE","P"
"14","hendl001","Hendriks","Liam","R","R","OAK","P"
"15","lemad001","LeMahieu","DJ","R","R","NYA","2B"
"16","lastt001","La Stella","Tommy","L","R","ANA","2B"
"17","lindf001","Lindor","Francisco","B","R","CLE","SS"
"18","loweb001","Lowe","Brandon","L","R","TBA","2B"
"19","martj006","Martinez","J.D.","R","R","BOS","OF"
"20","mccaj001","McCann","James","R","R","CHA","C"
"21","meada001","Meadows","Austin","L","L","TBA","OF"
"22","meanj001","Means","John","L","L","BAL","P"
"23","merrw001","Merrifield","Whit","R","R","KCA","OF"
"24","mortc002","Morton","Charlie","R","R","TBA","P"
"25","odorj001","Odorizzi","Jake","R","R","MIN","P"
"26","pench001","Pence","Hunter","R","R","TEX","OF"
"27","polaj001","Polanco","Jorge","B","R","MIN","SS"
"28","presr001","Pressly","Ryan","R","R","HOU","P"
"29","sancg002","Sanchez","Gary","R","R","NYA","C"
"30","santc002","Santana","Carlos","B","R","CLE","1B"
"31","sprig001","Springer","George","R","R","HOU","OF"
"32","tanam001","Tanaka","Masahiro","R","R","NYA","P"
"33","torrg001","Torres","Gleyber","R","R","NYA","2B"
"34","troum001","Trout","Mike","R","R","ANA","OF"
"35","verlj001","Verlander","Justin","R","R","HOU","P"
"36","voged001","Vogelbach","Daniel","L","R","SEA","1B"
"37","andej005","Anderson","Justin","L","R","ANA","P"
"38","bardl001","Bard","Luke","R","R","ANA","P"
"39","barrj003","Barria","Jaime","R","R","ANA","P"
"40","bedrc001","Bedrosian","Cam","R","R","ANA","P"
"41","bemba001","Bemboom","Anthony","L","R","ANA","C"
"42","bourj002","Bour","Justin","L","R","ANA","1B"
"43","bourp001","Bourjos","Peter","R","R","ANA","OF"
"44","buttt001","Buttrey","Ty","L","R","ANA","P"
"45","cahit001","Cahill","Trevor","R","R","ANA","P"
"46","calhk001","Calhoun","Kole","L","L","ANA","OF"
"47","canng001","Canning","Griffin","R","R","ANA","P"
"48","colet001","Cole","Taylor","R","R","ANA","P"
"49","cowak001","Cowart","Kaleb","B","R","ANA","3B"
"50","cozaz001","Cozart","Zack","R","R","ANA","SS"
"51","curtj003","Curtiss","John","R","R","ANA","P"
"52","delpm001","Del Pozo","Miguel","L","L","ANA","P"
"53","fletd002","Fletcher","David","R","R","ANA","SS"
"54","frees001","Freeman","Sam","R","L","ANA","P"
"55","garcl005","Garcia","Luis","R","R","ANA","P"
"56","garnd001","Garneau","Dustin","R","R","ANA","C"
"57","goodb001","Goodwin","Brian","L","R","ANA","OF"
"58","harvm001","Harvey","Matt","R","R","ANA","P"
"59","heana001","Heaney","Andrew","L","L","ANA","P"
"60","hermm001","Hermosillo","Michael","R","R","ANA","OF"
"61","jewej001","Jewell","Jake","R","R","ANA","P"
"62","lastt001","La Stella","Tommy","L","R","ANA","2B"
"63","lucrj001","Lucroy","Jonathan","R","R","ANA","C"
"64","mejia001","Mejia","Adalberto","R","L","ANA","P"
"65","middk001","Middleton","Keynan","R","R","ANA","P"
"66","ohtas001","Ohtani","Shohei","L","R","ANA","P"
"67","parkj002","Parker","Jarrett","L","L","ANA","OF"
"68","penaf002","Pena","Felix","R","R","ANA","P"
"69","peted001","Peters","Dillon","L","L","ANA","P"
"70","puelc001","Puello","Cesar","R","R","ANA","OF"
"71","pujoa001","Pujols","Albert","R","R","ANA","1B"
"72","ramij002","Ramirez","J.C.","R","R","ANA","P"
"73","ramin002","Ramirez","Noe","R","R","ANA","P"
"74","ramsm003","Ramsey","Matt","R","R","ANA","P"
"75","rengl001","Rengifo","Luis","B","R","ANA","2B"
"76","roblh001","Robles","Hansel","R","R","ANA","P"
"77","rodrj006","Rodriguez","Jose","R","R","ANA","P"
"78","sandp002","Sandoval","Patrick","L","L","ANA","P"
"79","simma001","Simmons","Andrelton","R","R","ANA","SS"
"80","skagt001","Skaggs","Tyler","L","L","ANA","P"
"81","smitk002","Smith","Kevan","R","R","ANA","C"
"82","stasm001","Stassi","Max","R","R","ANA","C"
"83","strac001","Stratton","Chris","R","R","ANA","P"
"84","suarj001","Suarez","Jose","L","L","ANA","P"
"85","thaim001","Thaiss","Matt","L","R","ANA","1B"
"86","tovaw001","Tovar","Wilfredo","R","R","ANA","SS"
"87","tropn001","Tropeano","Nick","R","R","ANA","P"
"88","troum001","Trout","Mike","R","R","ANA","OF"
"89","uptoj001","Upton","Justin","R","R","ANA","OF"
"90","walsj001","Walsh","Jared","L","L","ANA","OF"
"91","wardt002","Ward","Taylor","R","R","ANA","3B"
"92","wongk002","Wong","Kean","L","R","ANA","2B"
"93","almoa001","Almonte","Abraham","B","R","ARI","OF"
"94","andrm001","Andriese","Matt","R","R","ARI","P"
"95","avila001","Avila","Alex","L","R","ARI","C"
"96","brada001","Bradley","Archie","R","R","ARI","P"
"97","chafa001","Chafin","Andrew","R","L","ARI","P"
"98","clart003","Clarke","Taylor","R","R","ARI","P"
"99","crics001","Crichton","Stefan","R","R","ARI","P"
"100","cronk001","Cron","Kevin","R","R","ARI","1B"
"101","duplj001","Duplantier","Jon","L","R","ARI","P"
"102","dysoj001","Dyson","Jarrod","L","R","ARI","OF"
"103","escoe001","Escobar","Eduardo","B","R","ARI","SS"
"104","florw001","Flores","Wilmer","R","R","ARI","SS"
"105","gallz001","Gallen","Zac","R","R","ARI","P"
"106","ginkk001","Ginkel","Kevin","L","R","ARI","P"
"107","godlz001","Godley","Zack","R","R","ARI","P"
"108","greiz001","Greinke","Zack","R","R","ARI","P"
"109","hiray001","Hirano","Yoshihisa","R","R","ARI","P"
"110","hollg001","Holland","Greg","R","R","ARI","P"
"111","jonea003","Jones","Adam","R","R","ARI","OF"
"112","josec002","Joseph","Caleb","R","R","ARI","C"
"113","kellc002","Kelly","Carson","R","R","ARI","C"
"114","kellm002","Kelly","Merrill","R","R","ARI","P"
"115","kochm001","Koch","Matt","L","R","ARI","P"
"116","lambj001","Lamb","Jake","L","R","ARI","3B"
"117","leakm001","Leake","Mike","R","R","ARI","P"
"118","leybd001","Leyba","Domingo","B","R","ARI","2B"
"119","locat001","Locastro","Tim","R","R","ARI","2B"
"120","lopey001","Lopez","Yoan","R","R","ARI","P"
"121","martk001","Marte","Ketel","B","R","ARI","SS"
"122","mcfat001","McFarland","T.J.","L","L","ARI","P"
"123","murpj001","Murphy","John Ryan","R","R","ARI","C"
"124","payaj001","Payamps","Joel","R","R","ARI","P"
"125","perad001","Peralta","David","L","L","ARI","OF"
"126","ray-r002","Ray","Robbie","L","L","ARI","P"
"127","rojaj001","Rojas","Josh","L","R","ARI","3B"
"128","scotr001","Scott","Robby","B","L","ARI","P"
"129","sherj001","Sherfy","Jimmie","R","R","ARI","P"
"130","swihb001","Swihart","Blake","B","R","ARI","C"
"131","tomay001","Tomas","Yasmany","R","R","ARI","OF"
"132","vargi001","Vargas","Ildemaro","B","R","ARI","2B"
"133","walkc002","Walker","Christian","R","R","ARI","1B"
"134","walkt004","Walker","Taijuan","R","R","ARI","P"
"135","weavl001","Weaver","Luke","R","R","ARI","P"
"136","youna002","Young","Alex","L","L","ARI","P"
"137","albio001","Albies","Ozzie","B","R","ATL","2B"
"138","biddj001","Biddle","Jesse","L","L","ATL","P"
"139","blevj001","Blevins","Jerry","L","L","ATL","P"
"140","camaj001","Camargo","Johan","B","R","ATL","SS"
"141","carls002","Carle","Shane","R","R","ATL","P"
"142","cervf001","Cervelli","Francisco","R","R","ATL","C"
"143","culbc001","Culberson","Charlie","R","R","ATL","3B"
"144","daytg001","Dayton","Grant","L","L","ATL","P"
"145","donaj001","Donaldson","Josh","R","R","ATL","3B"
"146","duvaa001","Duvall","Adam","R","R","ATL","OF"
"147","flowt001","Flowers","Tyler","R","R","ATL","C"
"148","foltm001","Foltynewicz","Mike","R","R","ATL","P"
"149","freef001","Freeman","Freddie","L","R","ATL","1B"
"150","friem001","Fried","Max","L","L","ATL","P"
"151","gausk001","Gausman","Kevin","L","R","ATL","P"
"152","grees005","Greene","Shane","R","R","ATL","P"
"153","hamib001","Hamilton","Billy","B","R","ATL","OF"
"154","hecha001","Hechavarria","Adeiny","R","R","ATL","SS"
"155","incie001","Inciarte","Ender","L","L","ATL","OF"
"156","jacka002","Jackson","Alex","R","R","ATL","C"
"157","jackl001","Jackson","Luke","R","R","ATL","P"
"158","joycm001","Joyce","Matt","L","R","ATL","OF"
"159","keucd001","Keuchel","Dallas","L","L","ATL","P"
"160","markn001","Markakis","Nick","L","L","ATL","OF"
"161","martc007","Martin","Chris","R","R","ATL","P"
"162","mccab002","McCann","Brian","L","R","ATL","C"
"163","melam001","Melancon","Mark","R","R","ATL","P"
"164","minta001","Minter","A.J.","L","L","ATL","P"
"165","murpj001","Murphy","John Ryan","R","R","ATL","C"
"166","newcs001","Newcomb","Sean","L","L","ATL","P"
"167","odayd001","O'Day","Darren","R","R","ATL","P"
"168","orter001","Ortega","Rafael","L","R","ATL","OF"
"169","parsw001","Parsons","Wes","R","R","ATL","P"
"170","rilea001","Riley","Austin","R","R","ATL","3B"
"171","soboc001","Sobotka","Chad","R","R","ATL","P"
"172","sorom001","Soroka","Mike","R","R","ATL","P"
"173","swand001","Swanson","Dansby","R","R","ATL","SS"
"174","swara001","Swarzak","Anthony","R","R","ATL","P"
"175","tehej001","Teheran","Julio","R","R","ATL","P"
"176","tomlj001","Tomlin","Josh","R","R","ATL","P"
"177","toust001","Toussaint","Touki","R","R","ATL","P"
"178","ventj001","Venters","Jonny","L","L","ATL","P"
"179","vizca001","Vizcaino","Arodys","R","R","ATL","P"
"180","walkj002","Walker","Jeremy","R","R","ATL","P"
"181","webbj002","Webb","Jacob","R","R","ATL","P"
"182","wilsb003","Wilson","Bryse","R","R","ATL","P"
"183","winkd001","Winkler","Daniel","R","R","ATL","P "
"184","wrigk001","Wright","Kyle","R","R","ATL","P"
"185","ynoah001","Ynoa","Huascar","R","R","ATL","P"
"186","araup001","Araujo","Pedro","R","R","BAL","P"
"187","armss001","Armstrong","Shawn","R","R","BAL","P"
"188","blact002","Blach","Ty","R","L","BAL","P"
"189","bleir001","Bleier","Richard","L","L","BAL","P"
"190","brooa001","Brooks","Aaron","R","R","BAL","P"
"191","broxk001","Broxton","Keon","R","R","BAL","OF"
"192","bundd001","Bundy","Dylan","B","R","BAL","P"
"193","casha001","Cashner","Andrew","R","R","BAL","P"
"194","castm002","Castro","Miguel","R","R","BAL","P"
"195","cobba001","Cobb","Alex","R","R","BAL","P"
"196","davic003","Davis","Chris","L","R","BAL","1B"
"197","eader001","Eades","Ryan","R","R","BAL","P"
"198","eshet001","Eshelman","Tom","R","R","BAL","P"
"199","fry-p001","Fry","Paul","L","L","BAL","P"
"200","gilms001","Gilmartin","Sean","L","L","BAL","P"
"201","givem001","Givens","Mychal","R","R","BAL","P"
"202","harvh001","Harvey","Hunter","R","R","BAL","P"
"203","haysa001","Hays","Austin","R","R","BAL","OF"
"204","hessd001","Hess","David","R","R","BAL","P"
"205","jackd004","Jackson","Drew","R","R","BAL","SS"
"206","karnn001","Karns","Nate","R","R","BAL","P"
"207","klinb001","Kline","Branden","R","R","BAL","P"
"208","lucaj001","Lucas","Josh","R","R","BAL","P"
"209","manct001","Mancini","Trey","R","R","BAL","1B"
"210","martr006","Martin","Richie","R","R","BAL","SS"
"211","meanj001","Means","John","L","L","BAL","P"
"212","mullc002","Mullins","Cedric","B","L","BAL","OF"
"213","nuner001","Nunez","Renato","R","R","BAL","3B"
"214","ortil002","Ortiz","Luis","R","R","BAL","P"
"215","petej002","Peterson","Jace","L","R","BAL","2B"
"216","phile001","Phillips","Evan","R","R","BAL","P"
"217","ramiy001","Ramirez","Yefry","R","R","BAL","P"
"218","rickj001","Rickard","Joey","R","L","BAL","OF"
"219","rogej003","Rogers","Josh","L","L","BAL","P"
"220","rondj002","Rondon","Jose","R","R","BAL","SS"
"221","ruizr002","Ruiz","Rio","L","R","BAL","3B"
"222","santa003","Santander","Anthony","B","R","BAL","OF"
"223","scott003","Scott","Tanner","R","L","BAL","P"
"224","scott004","Scott","Tayler","R","R","BAL","P"
"225","sevep001","Severino","Pedro","R","R","BAL","C"
"226","shepc001","Shepherd","Chandler","R","R","BAL","P"
"227","siscc001","Sisco","Chance","L","R","BAL","C"
"228","smitd007","Smith","Dwight","L","R","BAL","OF"
"229","stewd002","Stewart","DJ","L","R","BAL","OF"
"230","strad003","Straily","Dan","R","R","BAL","P"
"231","sucrj001","Sucre","Jesus","R","R","BAL","C"
"232","tated001","Tate","Dillon","R","R","BAL","P"
"233","trumm001","Trumbo","Mark","R","R","BAL","OF"
"234","villj001","Villar","Jonathan","B","R","BAL","SS"
"235","wilks001","Wilkerson","Steve","B","R","BAL","3B"
"236","willm007","Williams","Mason","L","R","BAL","OF"
"237","wojca001","Wojciechowski","Asher","R","R","BAL","P"
"238","wothm001","Wotherspoon","Matt","R","R","BAL","P"
"239","wrigm001","Wright","Mike","R","R","BAL","P"
"240","wynna001","Wynns","Austin","R","R","BAL","C"
"241","yacaj001","Yacabonis","Jimmy","R","R","BAL","P"
"242","ynoag001","Ynoa","Gabriel","R","R","BAL","P"
"243","benia002","Benintendi","Andrew","L","L","BOS","LF"
"244","bettm001","Betts","Mookie","R","R","BOS","OF"
"245","bogax001","Bogaerts","Xander","R","R","BOS","SS"
"246","bradj001","Bradley","Jackie","L","R","BOS","OF"
"247","brasr001","Brasier","Ryan","R","R","BOS","P"
"248","brewc002","Brewer","Colten","R","R","BOS","P"
"249","casha001","Cashner","Andrew","R","R","BOS","P"
"250","centj001","Centeno","Juan","L","R","BOS","C"
"251","chacj001","Chacin","Jhoulys","R","R","BOS","P"
"252","chavm001","Chavis","Michael","R","R","BOS","3B"
"253","dever001","Devers","Rafael","L","R","BOS","3B"
"254","eovan001","Eovaldi","Nathan","R","R","BOS","P"
"255","hembh001","Hembree","Heath","R","R","BOS","P"
"256","hernd004","Hernandez","Darwinzon","L","L","BOS","P"
"257","herng001","Hernandez","Gorkys","R","R","BOS","OF"
"258","hernm003","Hernandez","Marco","L","R","BOS","SS"
"259","holtb002","Holt","Brock","L","R","BOS","OF"
"260","johnb004","Johnson","Brian","L","L","BOS","P"
"261","kellt002","Kelley","Trevor","R","R","BOS","P"
"262","leons001","Leon","Sandy","B","R","BOS","C"
"263","lakit001","Lakins","Travis","R","R","BOS","P"
"264","lin-t001","Lin","Tzu-Wei","L","R","BOS","SS"
"265","martj006","Martinez","J.D.","R","R","BOS","OF"
"266","morem001","Moreland","Mitch","L","L","BOS","1B"
"267","nunee002","Nunez","Eduardo","R","R","BOS","SS"
"268","owinc001","Owings","Chris","R","R","BOS","2B"
"269","pears001","Pearce","Steve","R","R","BOS","OF"
"270","pedrd001","Pedroia","Dustin","R","R","BOS","2B"
"271","porcr001","Porcello","Rick","R","R","BOS","P"
"272","poynb001","Poyner","Bobby","L","L","BOS","P"
"273","pricd001","Price","David","L","L","BOS","P"
"274","ramie004","Ramirez","Erasmo","R","R","BOS","P"
"275","rodre004","Rodriguez","Eduardo","L","L","BOS","P"
"276","salec001","Sale","Chris","L","L","BOS","P"
"277","shawm001","Shawaryn","Mike","R","R","BOS","P"
"278","smitj004","Smith","Josh","R","R","BOS","P"
"279","swihb001","Swihart","Blake","B","R","BOS","C"
"280","taylj001","Taylor","Josh","L","L","BOS","P"
"281","thort001","Thornburg","Tyler","R","R","BOS","P"
"282","travs001","Travis","Sam","R","R","BOS","1B"
"283","vazqc001","Vazquez","Christian","R","R","BOS","C"
"284","velah001","Velazquez","Hector","R","R","BOS","P"
"285","waldm002","Walden","Marcus","R","R","BOS","P"
"286","weber001","Weber","Ryan","R","R","BOS","P"
"287","workb001","Workman","Brandon","R","R","BOS","P"
"288","wrigs001","Wright","Steven","R","R","BOS","P"
"289","alony001","Alonso","Yonder","L","R","CHA","1B"
"290","andet001","Anderson","Tim","R","R","CHA","SS"
"291","banum001","Banuelos","Manny","R","L","CHA","P"
"292","bumma001","Bummer","Aaron","L","L","CHA","P"
"293","burrr002","Burr","Ryan","R","R","CHA","P"
"294","castw002","Castillo","Welington","R","R","CHA","C"
"295","ceasd001","Cease","Dylan","R","R","CHA","P"
"296","collz001","Collins","Zack","L","R","CHA","C"
"297","coloa001","Colome","Alex","R","R","CHA","P"
"298","cordr001","Cordell","Ryan","R","R","CHA","OF"
"299","cordj001","Cordero","Jimmy","R","R","CHA","P"
"300","coved001","Covey","Dylan","R","R","CHA","P"
"301","delmn001","Delmonico","Nicky","L","R","CHA","3B"
"302","despo001","Despaigne","Odrisamer","R","R","CHA","P"
"303","detwr001","Detwiler","Ross","R","L","CHA","P"
"304","engea001","Engel","Adam","R","R","CHA","OF"
"305","frarc001","Frare","Caleb","L","L","CHA","P"
"306","fry-j001","Fry","Jace","L","L","CHA","P"
"307","fulmc001","Fulmer","Carson","R","R","CHA","P"
"308","garcl004","Garcia","Leury","B","R","CHA","OF"
"309","gioll001","Giolito","Lucas","R","R","CHA","P"
"310","goinr001","Goins","Ryan","L","R","CHA","2B"
"311","herrk001","Herrera","Kelvin","R","R","CHA","P"
"312","jay-j001","Jay","Jon","L","L","CHA","OF"
"313","jimee001","Jimenez","Eloy","R","R","CHA","OF"
"314","jonen001","Jones","Nate","R","R","CHA","P"
"315","loper003","Lopez","Reynaldo","R","R","CHA","P"
"316","marse001","Marshall","Evan","R","R","CHA","P"
"317","mccaj001","McCann","James","R","R","CHA","C"
"318","mendd002","Mendick","Danny","R","R","CHA","SS"
"319","minaj001","Minaya","Juan","R","R","CHA","P"
"320","moncy001","Moncada","Yoan","B","R","CHA","3B"
"321","novai001","Nova","Ivan","R","R","CHA","P"
"322","osicj001","Osich","Josh","L","L","CHA","P"
"323","palkd001","Palka","Daniel","L","L","CHA","OF"
"324","reeda002","Reed","A.J.","L","L","CHA","1B"
"325","rodoc001","Rodon","Carlos","L","L","CHA","P"
"326","rondj002","Rondon","Jose","R","R","CHA","SS"
"327","ruizj001","Ruiz","Jose","R","R","CHA","P"
"328","sancc001","Sanchez","Yolmer","B","R","CHA","2B"
"329","sante001","Santana","Ervin","R","R","CHA","P"
"330","santh001","Santiago","Hector","R","L","CHA","P"
"331","skolm001","Skole","Matt","L","R","CHA","1B"
"332","tilsc001","Tilson","Charlie","L","L","CHA","OF"
"333","vieit001","Vieira","Thyago","R","R","CHA","P"
"334","zavas001","Zavala","Seby","R","R","CHA","C"
"335","almoa002","Almora","Albert","R","R","CHN","OF"
"336","alzoa001","Alzolay","Adbert","R","R","CHN","P"
"337","baezj001","Baez","Javier","R","R","CHN","2B"
"338","barnt002","Barnette","Tony","R","R","CHN","P"
"339","boted002","Bote","David","R","R","CHN","2B"
"340","bracb001","Brach","Brad","R","R","CHN","P"
"341","bryak001","Bryant","Kris","R","R","CHN","3B"
"342","carav001","Caratini","Victor","B","R","CHN","C"
"343","castn001","Castellanos","Nick","R","R","CHN","3B"
"344","cedex001","Cedeno","Xavier","L","L","CHN","P"
"345","chatt001","Chatwood","Tyler","R","R","CHN","P"
"346","cishs001","Cishek","Steve","R","R","CHN","P"
"347","collt001","Collins","Tim","L","L","CHN","P"
"348","contw001","Contreras","Willson","R","R","CHN","C"
"349","darvy001","Darvish","Yu","R","R","CHN","P"
"350","davit004","Davis","Taylor","R","R","CHN","C"
"351","descd001","Descalso","Daniel","L","R","CHN","SS"
"352","edwac001","Edwards","Carl","R","R","CHN","P"
"353","garcr005","Garcia","Robel","B","R","CHN","2B"
"354","gonzc001","Gonzalez","Carlos","L","L","CHN","OF"
"355","hamec001","Hamels","Cole","L","L","CHN","P"
"356","happi001","Happ","Ian","B","R","CHN","2B"
"357","hendk001","Hendricks","Kyle","R","R","CHN","P"
"358","heywj001","Heyward","Jason","L","L","CHN","OF"
"359","hoern001","Hoerner","Nico","R","R","CHN","SS"
"360","holld003","Holland","Derek","B","L","CHN","P"
"361","hultd001","Hultzen","Danny","L","L","CHN","P"
"362","kempt001","Kemp","Tony","L","R","CHN","OF"
"363","kimbc001","Kimbrel","Craig","R","R","CHN","P"
"364","kintb001","Kintzler","Brandon","R","R","CHN","P"
"365","lestj001","Lester","Jon","L","L","CHN","P"
"366","lucrj001","Lucroy","Jonathan","R","R","CHN","C"
"367","maldm001","Maldonado","Martin","R","R","CHN","C"
"368","mapld001","Maples","Dillon","R","R","CHN","P"
"369","milla003","Mills","Alec","R","R","CHN","P"
"370","montm002","Montgomery","Mike","L","L","CHN","P"
"371","norwj001","Norwood","James","R","R","CHN","P"
"372","pheld001","Phelps","David","R","R","CHN","P"
"373","quinj001","Quintana","Jose","R","L","CHN","P"
"374","rizza001","Rizzo","Anthony","L","L","CHN","1B"
"375","rosar002","Rosario","Randy","L","L","CHN","P"
"376","russa002","Russell","Addison","R","R","CHN","2B"
"377","ryank002","Ryan","Kyle","L","L","CHN","P"
"378","schwk001","Schwarber","Kyle","L","R","CHN","OF"
"379","strop001","Strop","Pedro","R","R","CHN","P"
"380","unded001","Underwood","Duane","R","R","CHN","P"
"381","websa001","Webster","Allen","R","R","CHN","P"
"382","wickr001","Wick","Rowan","L","R","CHN","P"
"383","wiecb001","Wieck","Brad","L","L","CHN","P"
"384","zagum002","Zagunis","Mark","R","R","CHN","OF"
"385","zobrb001","Zobrist","Ben","B","R","CHN","2B"
"386","aquia001","Aquino","Aristides","R","R","CIN","OF"
"387","barnt001","Barnhart","Tucker","B","R","CIN","C"
"388","bauet001","Bauer","Trevor","R","R","CIN","P"
"389","blana002","Blandino","Alex","R","R","CIN","2B"
"390","bowmm001","Bowman","Matt","R","R","CIN","P"
"391","casac001","Casali","Curt","R","R","CIN","C"
"392","castl003","Castillo","Luis","R","R","CIN","P"
"393","coloc002","Colon","Christian","R","R","CIN","SS"
"394","desca001","DeSclafani","Anthony","R","R","CIN","P"
"395","dietd001","Dietrich","Derek","L","R","CIN","OF"
"396","dukez001","Duke","Zach","L","L","CIN","P"
"397","ervip001","Ervin","Phillip","R","R","CIN","OF"
"398","farmk001","Farmer","Kyle","R","R","CIN","C"
"399","garra001","Garrett","Amir","R","L","CIN","P"
"400","galvf001","Galvis","Freddy","B","R","CIN","SS"
"401","gausk001","Gausman","Kevin","L","R","CIN","P"
"402","genns001","Gennett","Scooter","L","R","CIN","2B"
"403","gratj001","Graterol","Juan","R","R","CIN","C"
"404","grays001","Gray","Sonny","R","R","CIN","P"
"405","hergj001","Herget","Jimmy","R","R","CIN","P"
"406","hernd002","Hernandez","David","R","R","CIN","P"
"407","hughj001","Hughes","Jared","R","R","CIN","P"
"408","iglej001","Iglesias","Jose","R","R","CIN","SS"
"409","igler001","Iglesias","Raisel","R","R","CIN","P"
"410","kempm001","Kemp","Matt","R","R","CIN","OF"
"411","kuhnj001","Kuhnel","Joel","R","R","CIN","P"
"412","lavar001","Lavarnway","Ryan","R","R","CIN","C"
"413","lorem002","Lorenzen","Michael","R","R","CIN","P"
"414","mahlt001","Mahle","Tyler","R","R","CIN","P"
"415","mellk001","Mella","Keury","R","R","CIN","P"
"416","ograb001","O'Grady","Brian","L","R","CIN","1B"
"417","peraj003","Peraza","Jose","R","R","CIN","2B"
"418","peraw002","Peralta","Wandy","L","L","CIN","P"
"419","puigy001","Puig","Yasiel","R","R","CIN","OF"
"420","reedc002","Reed","Cody","L","L","CIN","P"
"421","roart001","Roark","Tanner","R","R","CIN","P"
"422","romas001","Romano","Sal","L","R","CIN","P"
"423","sches001","Schebler","Scott","L","R","CIN","OF"
"424","senzn001","Senzel","Nick","R","R","CIN","OF"
"425","simsl001","Sims","Lucas","R","R","CIN","P"
"426","stepr002","Stephenson","Robert","R","R","CIN","P"
"427","suare001","Suarez","Eugenio","R","R","CIN","SS"
"428","vanmj001","VanMeter","Josh","L","R","CIN","2B"
"429","vottj001","Votto","Joey","L","R","CIN","1B"
"430","winkj002","Winker","Jesse","L","L","CIN","P"
"431","wooda002","Wood","Alex","R","L","CIN","P"
"432","allel002","Allen","Logan","R","L","CLE","P"
"433","andec002","Anderson","Cody","R","R","CLE","P"
"434","bauej001","Bauers","Jake","L","L","CLE","1B"
"435","bauet001","Bauer","Trevor","R","R","CLE","P"
"436","biebs001","Bieber","Shane","R","R","CLE","P"
"437","bradb002","Bradley","Bobby","L","R","CLE","1B"
"438","carrc003","Carrasco","Carlos","R","R","CLE","P"
"439","chany001","Chang","Yu","R","R","CLE","SS"
"440","cimba001","Cimber","Adam","R","R","CLE","P"
"441","civaa001","Civale","Aaron","R","R","CLE","P"
"442","clevm001","Clevinger","Mike","R","R","CLE","P"
"443","clipt001","Clippard","Tyler","R","R","CLE","P"
"444","colea002","Cole","A.J.","R","R","CLE","P"
"445","edwaj001","Edwards","Jon","R","R","CLE","P"
"446","flahr001","Flaherty","Ryan","L","R","CLE","2B"
"447","freem002","Freeman","Mike","L","R","CLE","1B"
"448","gonzc001","Gonzalez","Carlos","L","L","CLE","OF"
"449","goodn001","Goody","Nick","R","R","CLE","P"
"450","haase001","Haase","Eric","R","R","CLE","C"
"451","handb001","Hand","Brad","L","L","CLE","P"
"452","hoytj001","Hoyt","James","R","R","CLE","P"
"453","karij001","Karinchak","James","R","R","CLE","P"
"454","kipnj001","Kipnis","Jason","L","R","CLE","2B"
"455","klubc001","Kluber","Corey","R","R","CLE","P"
"456","lindf001","Lindor","Francisco","B","R","CLE","SS"
"457","luplj001","Luplow","Jordan","R","R","CLE","OF"
"458","martl004","Martin","Leonys","L","R","CLE","OF"
"459","matop002","Maton","Phil","R","R","CLE","P"
"460","merco003","Mercado","Oscar","R","R","CLE","OF"
"461","millb002","Miller","Brad","L","R","CLE","SS"
"462","morom001","Moroff","Max","B","R","CLE","2B"
"463","naqut001","Naquin","Tyler","L","R","CLE","OF"
"464","olsot002","Olson","Tyler","R","L","CLE","P"
"465","oterd001","Otero","Dan","R","R","CLE","P"
"466","pereo002","Perez","Oliver","L","L","CLE","P"
"467","perer003","Perez","Roberto","R","R","CLE","C"
"468","plawk001","Plawecki","Kevin","R","R","CLE","C"
"469","plesz001","Plesac","Zach","R","R","CLE","P"
"470","pluta001","Plutko","Adam","R","R","CLE","P"
"471","puigy001","Puig","Yasiel","R","R","CLE","OF"
"472","ramih003","Ramirez","Hanley","R","R","CLE","SS"
"473","ramij003","Ramirez","Jose","R","R","CLE","P"
"474","ramin001","Ramirez","Neil","R","R","CLE","P"
"475","reyef001","Reyes","Franmil","R","R","CLE","OF"
"476","rodrj005","Rodriguez","Jefry","R","R","CLE","P"
"477","salad001","Salazar","Danny","R","R","CLE","P"
"478","santc002","Santana","Carlos","B","R","CLE","1B"
"479","smitj006","Smith","Josh","L","L","CLE","P"
"480","stame001","Stamets","Eric","R","R","CLE","2B"
"481","velaa001","Velazquez","Andrew","B","R","CLE","SS"
"482","wittn001","Wittgren","Nick","R","R","CLE","P"
"483","woodh001","Wood","Hunter","R","R","CLE","P"
"484","zimmb001","Zimmer","Bradley","L","R","CLE","OF"
"485","alony001","Alonso","Yonder","L","R","COL","1B"
"486","andet002","Anderson","Tyler","L","L","COL","P"
"487","arenn001","Arenado","Nolan","R","R","COL","3B"
"488","bettc001","Bettis","Chad","R","R","COL","P"
"489","blacc001","Blackmon","Charlie","L","L","COL","OF"
"490","buted001","Butera","Drew","R","R","COL","C"
"491","cuevn001","Cuevas","Noel","R","R","COL","OF"
"492","dahld001","Dahl","David","L","R","COL","OF"
"493","daviw001","Davis","Wade","R","R","COL","P"
"494","dazay001","Daza","Yonathan","R","R","COL","OF"
"495","desmi001","Desmond","Ian","R","R","COL","SS"
"496","diazj006","Diaz","Jairo","R","R","COL","P"
"497","diehp001","Diehl","Phillip","L","L","COL","P"
"498","dunnm002","Dunn","Michael","L","L","COL","P"
"499","estec001","Estevez","Carlos","R","R","COL","P"
"500","freek001","Freeland","Kyle","L","L","COL","P"
"501","fuenj001","Fuentes","Josh","R","R","COL","3B"
"502","garcr006","Garcia","Rico","R","R","COL","P"
"503","gonzc002","Gonzalez","Chi Chi","R","R","COL","P"
"504","grayj003","Gray","Jon","R","R","COL","P"
"505","hampg001","Hampson","Garrett","R","R","COL","SS"
"506","harvj001","Harvey","Joe","R","R","COL","P"
"507","hills005","Hilliard","Sam","L","L","COL","OF"
"508","hoffj003","Hoffman","Jeff","R","R","COL","P"
"509","howas002","Howard","Sam","R","L","COL","P"
"510","iannc001","Iannetta","Chris","R","R","COL","C"
"511","johnd005","Johnson","D.J.","L","R","COL","P"
"512","lambp001","Lambert","Peter","R","R","COL","P"
"513","marqg001","Marquez","German","R","R","COL","P"
"514","mcgej001","McGee","Jake","L","L","COL","P"
"515","mcmar001","McMahon","Ryan","L","R","COL","3B"
"516","melvt001","Melville","Tim","R","R","COL","P"
"517","murpd006","Murphy","Daniel","L","R","COL","2B"
"518","musgh001","Musgrave","Harrison","L","L","COL","P"
"519","nuned001","Nunez","Dom","L","R","COL","C"
"520","obers001","Oberg","Scott","R","R","COL","P"
"521","oh--s001","Oh","Seung Hwan","R","R","COL","P"
"522","parsw001","Parsons","Wes","R","R","COL","P"
"523","pazoj001","Pazos","James","R","L","COL","P"
"524","reynm001","Reynolds","Mark","R","R","COL","1B"
"525","rodgb002","Rodgers","Brendan","R","R","COL","SS"
"526","rusic001","Rusin","Chris","L","L","COL","P"
"527","senza001","Senzatela","Antonio","R","R","COL","P"
"528","shawb001","Shaw","Bryan","B","R","COL","P"
"529","stort001","Story","Trevor","R","R","COL","SS"
"530","tapir001","Tapia","Raimel","L","L","COL","OF"
"531","tinoj001","Tinoco","Jesus","R","R","COL","P"
"532","valap001","Valaika","Pat","R","R","COL","SS"
"533","woltt001","Wolters","Tony","L","R","COL","C"
"534","alcav001","Alcantara","Victor","R","R","DET","P"
"535","alext001","Alexander","Tyler","R","L","DET","P"
"536","baezs001","Baez","Sandy","R","R","DET","P"
"537","beckg001","Beckham","Gordon","R","R","DET","3B"
"538","boydm001","Boyd","Matt","L","L","DET","P"
"539","cabrm001","Cabrera","Miguel","R","R","DET","1B"
"540","candj002","Candelario","Jeimer","B","R","DET","3B"
"541","carpr001","Carpenter","Ryan","L","L","DET","P"
"542","castn001","Castellanos","Nick","R","R","DET","3B"
"543","casth001","Castro","Harold","L","R","DET","3B"
"544","castw003","Castro","Willi","B","R","DET","SS"
"545","cisnj001","Cisnero","Jose","R","R","DET","P"
"546","demet001","Demeritte","Travis","R","R","DET","OF"
"547","dixob001","Dixon","Brandon","R","R","DET","OF"
"548","farmb001","Farmer","Buck","L","R","DET","P"
"549","fernj005","Fernandez","Jose","L","L","DET","P"
"550","garcb001","Garcia","Bryan","R","R","DET","P"
"551","garrr001","Garrett","Reed","R","R","DET","P"
"552","goodn002","Goodrum","Niko","B","R","DET","OF"
"553","grees005","Greene","Shane","R","R","DET","P"
"554","greig001","Greiner","Grayson","R","R","DET","C"
"555","hallm002","Hall","Matt","L","L","DET","P"
"556","hardb001","Hardy","Blaine","L","L","DET","P"
"557","harrj002","Harrison","Josh","R","R","DET","3B"
"558","hickj001","Hicks","John","R","R","DET","C"
"559","jacke001","Jackson","Edwin","R","R","DET","P"
"560","jimee002","Jimenez","Eduardo","R","R","DET","P"
"561","jimej003","Jimenez","Joe","R","R","DET","P"
"562","jonej006","Jones","JaCoby","R","R","DET","3B"
"563","lugod001","Lugo","Dawel","R","R","DET","2B"
"564","mahtm001","Mahtook","Mikie","R","R","DET","OF"
"565","mckad001","McKay","David","R","R","DET","P"
"566","mercj002","Mercer","Jordy","R","R","DET","SS"
"567","moorm003","Moore","Matt","L","L","DET","P"
"568","norrd002","Norris","Daniel","L","L","DET","P"
"569","peted002","Peterson","Dustin","R","R","DET","OF"
"570","ramin003","Ramirez","Nick","L","L","DET","P"
"571","reinz001","Reininger","Zac","B","R","DET","P"
"572","reyev001","Reyes","Victor","B","R","DET","OF"
"573","rodrr009","Rodriguez","Ronny","R","R","DET","3B"
"574","rogej004","Rogers","Jake","R","R","DET","C"
"575","roset001","Rosenthal","Trevor","R","R","DET","P"
"576","rosst001","Ross","Tyson","R","R","DET","P"
"577","schrj001","Schreiber","John","R","R","DET","P"
"578","sotog003","Soto","Gregory","L","L","DET","P"
"579","stewc002","Stewart","Christin","L","R","DET","OF"
"580","stumd001","Stumpf","Daniel","L","L","DET","P"
"581","torrc001","Torres","Carlos","R","R","DET","P"
"582","turns003","Turnbull","Spencer","R","R","DET","P"
"583","verhd001","VerHagen","Drew","R","R","DET","P"
"584","wilsb002","Wilson","Bobby","R","R","DET","C"
"585","zimmj003","Zimmermann","Jordan","R","R","DET","P"
"586","altuj001","Altuve","Jose","R","R","HOU","2B"
"587","alvay001","Alvarez","Yordan","L","R","HOU","1B"
"588","armer001","Armenteros","Rogelio","R","R","HOU","P"
"589","biagj001","Biagini","Joe","R","R","HOU","P"
"590","branm003","Brantley","Michael","L","L","HOU","OF"
"591","brega001","Bregman","Alex","R","R","HOU","SS"
"592","chirr001","Chirinos","Robinson","R","R","HOU","C"
"593","coleg001","Cole","Gerrit","R","R","HOU","P"
"594","corrc001","Correa","Carlos","R","R","HOU","SS"
"595","devec001","Devenski","Chris","R","R","HOU","P"
"596","diaza003","Diaz","Aledmys","R","R","HOU","SS"
"597","fishd001","Fisher","Derek","L","R","HOU","OF"
"598","greiz001","Greinke","Zack","R","R","HOU","P"
"599","gudur001","Guduan","Reymin","L","L","HOU","P"
"600","gurry001","Gurriel","Yulieski","R","R","HOU","3B"
"601","harrw002","Harris","Will","R","R","HOU","P"
"602","jamej002","James","Josh","R","R","HOU","P"
"603","kempt001","Kemp","Tony","L","R","HOU","OF"
"604","maldm001","Maldonado","Martin","R","R","HOU","C"
"605","marij002","Marisnick","Jake","R","R","HOU","OF"
"606","martc009","Martin","Corbin","R","R","HOU","P"
"607","mayfj001","Mayfield","Jack","R","R","HOU","2B"
"608","mchuc001","McHugh","Collin","R","R","HOU","P"
"609","milew001","Miley","Wade","L","L","HOU","P"
"610","osunr001","Osuna","Roberto","R","R","HOU","P"
"611","peacb001","Peacock","Brad","R","R","HOU","P"
"612","perec004","Perez","Cionel","L","L","HOU","P"
"613","presr001","Pressly","Ryan","R","R","HOU","P"
"614","reddj001","Reddick","Josh","L","R","HOU","OF"
"615","rodgb001","Rodgers","Brady","R","R","HOU","P"
"616","rondh001","Rondon","Hector","R","R","HOU","P"
"617","sanca006","Sanchez","Aaron","R","R","HOU","P"
"618","smitj002","Smith","Joe","R","R","HOU","P"
"619","sneec001","Sneed","Cy","R","R","HOU","P"
"620","sprig001","Springer","George","R","R","HOU","OF"
"621","stasm001","Stassi","Max","R","R","HOU","C"
"622","stram002","Straw","Myles","R","R","HOU","OF"
"623","stubg001","Stubbs","Garrett","L","R","HOU","C"
"624","toroa001","Toro","Abraham","B","R","HOU","3B"
"625","tuckk001","Tucker","Kyle","L","R","HOU","OF"
"626","urquj001","Urquidy","Jose","R","R","HOU","P"
"627","valdf001","Valdez","Framber","L","L","HOU","P"
"628","verlj001","Verlander","Justin","R","R","HOU","P"
"629","whitt002","White","Tyler","R","R","HOU","1B"
"630","bailh001","Bailey","Homer","R","R","KCA","P"
"631","barls001","Barlow","Scott","R","R","KCA","P"
"632","barnj002","Barnes","Jacob","R","R","KCA","P"
"633","bonij002","Bonifacio","Jorge","R","R","KCA","OF"
"634","boxbb001","Boxberger","Brad","R","R","KCA","P"
"635","cuthc001","Cuthbert","Cheslor","R","R","KCA","3B"
"636","diekj001","Diekman","Jake","L","L","KCA","P"
"637","dinin001","Dini","Nick","R","R","KCA","C"
"638","dozih001","Dozier","Hunter","R","R","KCA","OF"
"639","dudal001","Duda","Lucas","L","R","KCA","1B"
"640","duffd001","Duffy","Danny","L","L","KCA","P"
"641","ellic001","Ellis","Chris","L","R","KCA","P"
"642","fillh001","Fillmyer","Heath","R","R","KCA","P"
"643","flynb001","Flynn","Brian","L","L","KCA","P"
"644","gallc001","Gallagher","Cam","R","R","KCA","C"
"645","gorda001","Gordon","Alex","L","R","KCA","OF"
"646","goret001","Gore","Terrance","R","R","KCA","OF"
"647","gutik001","Gutierrez","Kelvin","R","R","KCA","3B"
"648","hamib001","Hamilton","Billy","B","R","KCA","OF"
"649","hahnj001","Hahn","Jesse","R","R","KCA","P"
"650","hillt002","Hill","Tim","L","L","KCA","P"
"651","junij001","Junis","Jake","R","R","KCA","P"
"652","kellb003","Keller","Brad","R","R","KCA","P"
"653","kenni001","Kennedy","Ian","R","R","KCA","P"
"654","liveb001","Lively","Ben","R","R","KCA","P"
"655","lopej004","Lopez","Jorge","R","R","KCA","P"
"656","lopen001","Lopez","Nicky","L","R","KCA","SS"
"657","lover001","Lovelady","Richard","L","L","KCA","P"
"658","maldm001","Maldonado","Martin","R","R","KCA","C"
"659","mcbrr001","McBroom","Ryan","R","L","KCA","1B"
"660","mccak002","McCarthy","Kevin","R","R","KCA","P"
"661","mejie001","Mejia","Erick","B","R","KCA","2B"
"662","merrw001","Merrifield","Whit","R","R","KCA","OF"
"663","mondr003","Mondesi","Adalberto","B","R","KCA","SS"
"664","montm002","Montgomery","Mike","L","L","KCA","P"
"665","newbj001","Newberry","Jake","R","R","KCA","P"
"666","ohear001","O'Hearn","Ryan","L","L","KCA","1B"
"667","owinc001","Owings","Chris","R","R","KCA","2B"
"668","peraw001","Peralta","Wily","R","R","KCA","P"
"669","philb002","Phillips","Brett","L","R","KCA","OF"
"670","rosar002","Rosario","Randy","L","L","KCA","P"
"671","schwf001","Schwindel","Frank","R","R","KCA","1B"
"672","skoge001","Skoglund","Eric","L","L","KCA","P"
"673","solej001","Soler","Jorge","R","R","KCA","OF"
"674","sparg001","Sparkman","Glenn","B","R","KCA","P"
"675","speig001","Speier","Gabe","L","L","KCA","P"
"676","starb001","Starling","Bubba","R","R","KCA","OF"
"677","stauj001","Staumont","Josh","R","R","KCA","P"
"678","vilom001","Viloria","Meibrys","L","R","KCA","C"
"679","zimmk001","Zimmer","Kyle","R","R","KCA","P"
"680","baezp001","Baez","Pedro","R","R","LAN","P"
"681","barna001","Barnes","Austin","R","R","LAN","C"
"682","beatm001","Beaty","Matt","L","R","LAN","1B"
"683","bellc002","Bellinger","Cody","L","L","LAN","1B"
"684","buehw001","Buehler","Walker","R","R","LAN","P"
"685","charj001","Chargois","J.T.","B","R","LAN","P"
"686","darnt001","d'Arnaud","Travis","R","R","LAN","C"
"687","fergc001","Ferguson","Caleb","R","L","LAN","P"
"688","flord002","Floro","Dylan","L","R","LAN","P"
"689","freed001","Freese","David","R","R","LAN","3B"
"690","galer002","Gale","Rocky","R","R","LAN","C"
"691","garcy001","Garcia","Yimi","R","R","LAN","P"
"692","garlk001","Garlick","Kyle","R","R","LAN","OF"
"693","gonst001","Gonsolin","Tony","R","R","LAN","P"
"694","gyorj001","Gyorko","Jedd","R","R","LAN","2B"
"695","herne001","Hernandez","Enrique","R","R","LAN","OF"
"696","hillr001","Hill","Rich","L","L","LAN","P"
"697","jansk001","Jansen","Kenley","B","R","LAN","P"
"698","kellj001","Kelly","Joe","R","R","LAN","P"
"699","kersc001","Kershaw","Clayton","L","L","LAN","P"
"700","kolaa001","Kolarek","Adam","L","L","LAN","P"
"701","lux-g001","Lux","Gavin","L","R","LAN","2B"
"702","maedk001","Maeda","Kenta","R","R","LAN","P"
"703","martr004","Martin","Russell","R","R","LAN","C"
"704","may-d003","May","Dustin","R","R","LAN","P"
"705","muncm001","Muncy","Max","L","R","LAN","1B"
"706","negrk001","Negron","Kristopher","R","R","LAN","OF"
"707","pedej001","Pederson","Joc","L","L","LAN","OF"
"708","polla001","Pollock","A.J.","R","R","LAN","OF"
"709","riose001","Rios","Edwin","L","R","LAN","3B"
"710","rossz001","Rosscup","Zac","R","L","LAN","P"
"711","ryu-h001","Ryu","Hyun-Jin","R","L","LAN","P"
"712","sadlc002","Sadler","Casey","R","R","LAN","P"
"713","santd003","Santana","Dennis","R","R","LAN","P"
"714","sborj002","Sborz","Josh","R","R","LAN","P"
"715","schuj002","Schultz","Jaime","R","R","LAN","P"
"716","seagc001","Seager","Corey","L","R","LAN","SS"
"717","smitw003","Smith","Will","R","R","LAN","C"
"718","stewb001","Stewart","Brock","L","R","LAN","P"
"719","strir001","Stripling","Ross","R","R","LAN","P"
"720","taylc001","Taylor","Chris","R","R","LAN","SS"
"721","turnj001","Turner","Justin","R","R","LAN","3B"
"722","uriaj001","Urias","Julio","L","L","LAN","P"
"723","verda001","Verdugo","Alex","L","L","LAN","OF"
"724","whitt002","White","Tyler","R","R","LAN","1B"
"725","alfaj002","Alfaro","Jorge","R","R","MIA","C"
"726","andeb006","Anderson","Brian","R","R","MIA","3B"
"727","anden001","Anderson","Nick","R","R","MIA","P"
"728","bertj001","Berti","Jon","R","R","MIA","3B"
"729","brica001","Brice","Austin","R","R","MIA","P"
"730","brigj002","Brigham","Jeff","R","R","MIA","P"
"731","brinl001","Brinson","Lewis","R","R","MIA","OF"
"732","casts001","Castro","Starlin","R","R","MIA","SS"
"733","castw001","Castillo","Wilkin","B","R","MIA","C"
"734","chenw001","Chen","Wei-Yin","R","L","MIA","P"
"735","conla001","Conley","Adam","L","L","MIA","P"
"736","coopg002","Cooper","Garrett","R","R","MIA","1B"
"737","deana001","Dean","Austin","R","R","MIA","OF"
"738","diazi001","Diaz","Isan","L","R","MIA","2B"
"739","duggr001","Dugger","Robert","R","R","MIA","P"
"740","gallz001","Gallen","Zac","R","R","MIA","P"
"741","galli001","Galloway","Isaac","R","R","MIA","OF"
"742","garcj006","Garcia","Jarlin","L","L","MIA","P"
"743","granc001","Granderson","Curtis","L","R","MIA","OF"
"744","guert001","Guerrero","Tayron","R","R","MIA","P"
"745","heint001","Heineman","Tyler","B","R","MIA","C"
"746","herne002","Hernandez","Elieser","R","R","MIA","P"
"747","herrr002","Herrera","Rosell","B","R","MIA","SS"
"748","holab001","Holaday","Bryan","R","R","MIA","C"
"749","kellk003","Keller","Kyle","R","R","MIA","P"
"750","kinlt001","Kinley","Tyler","R","R","MIA","P"
"751","lopep002","Lopez","Pablo","L","R","MIA","P"
"752","marrd001","Marrero","Deven","R","R","MIA","3B"
"753","morab001","Moran","Brian","L","L","MIA","P"
"754","noesh001","Noesi","Hector","R","R","MIA","P"
"755","obrip002","O'Brien","Peter","R","R","MIA","OF"
"756","pradm001","Prado","Martin","R","R","MIA","3B"
"757","puelc001","Puello","Cesar","R","R","MIA","OF"
"758","quijj001","Quijada","Jose","L","L","MIA","P"
"759","ramih004","Ramirez","Harold","R","R","MIA","OF"
"760","richt001","Richards","Trevor","R","R","MIA","P"
"761","riddj001","Riddle","J.T.","L","R","MIA","SS"
"762","rivey001","Rivera","Yadiel","R","R","MIA","2B"
"763","rojam002","Rojas","Miguel","R","R","MIA","SS"
"764","romos001","Romo","Sergio","R","R","MIA","P"
"765","sierm002","Sierra","Magneuris","L","L","MIA","OF"
"766","smitc006","Smith","Caleb","R","L","MIA","P"
"767","smitj006","Smith","Josh","L","L","MIA","P"
"768","stanr002","Stanek","Ryne","R","R","MIA","P"
"769","stecd001","Steckenrider","Drew","R","R","MIA","P"
"770","urenj001","Urena","Jose","R","R","MIA","P"
"771","walkn001","Walker","Neil","B","R","MIA","2B"
"772","wallc001","Wallach","Chad","R","R","MIA","C"
"773","yamaj001","Yamamoto","Jordan","R","R","MIA","P"
"774","albem001","Albers","Matt","L","R","MIL","P"
"775","andec001","Anderson","Chase","R","R","MIL","P"
"776","arcio002","Arcia","Orlando","R","R","MIL","SS"
"777","austt001","Austin","Tyler","R","R","MIL","OF"
"778","barnj002","Barnes","Jacob","R","R","MIL","P"
"779","blacr001","Black","Ray","R","R","MIL","P"
"780","braur002","Braun","Ryan","R","R","MIL","OF"
"781","burnc002","Burnes","Corbin","R","R","MIL","P"
"782","cainl001","Cain","Lorenzo","R","R","MIL","OF"
"783","chacj001","Chacin","Jhoulys","R","R","MIL","P"
"784","claua001","Claudio","Alex","L","L","MIL","P"
"785","daviz001","Davies","Zach","R","R","MIL","P"
"786","dubom001","Dubon","Mauricio","R","R","MIL","SS"
"787","farij001","Faria","Jacob","R","R","MIL","P"
"788","freid001","Freitas","David","R","R","MIL","C"
"789","gameb001","Gamel","Ben","L","L","MIL","OF"
"790","gonzg003","Gonzalez","Gio","R","L","MIL","P"
"791","grany001","Grandal","Yasmani","B","R","MIL","C"
"792","grist001","Grisham","Trent","L","L","MIL","OF"
"793","guerd001","Guerra","Deolis","R","R","MIL","P"
"794","guerj003","Guerra","Junior","R","R","MIL","P"
"795","hadej001","Hader","Josh","L","L","MIL","P"
"796","hartd002","Hart","Donnie","L","L","MIL","P"
"797","hiurk001","Hiura","Keston","R","R","MIL","2B"
"798","housa001","Houser","Adrian","R","R","MIL","P"
"799","jackj001","Jackson","Jay","R","R","MIL","P"
"800","jeffj001","Jeffress","Jeremy","R","R","MIL","P"
"801","lylej001","Lyles","Jordan","R","R","MIL","P"
"802","mousm001","Moustakas","Mike","L","R","MIL","3B"
"803","nelsj004","Nelson","Jimmy","R","R","MIL","P"
"804","nottj001","Nottingham","Jacob","R","R","MIL","C"
"805","peraf001","Peralta","Freddy","R","R","MIL","P"
"806","pereh001","Perez","Hernan","R","R","MIL","3B"
"807","petrj001","Petricka","Jake","R","R","MIL","P"
"808","pinam001","Pina","Manny","R","R","MIL","C"
"809","pomed001","Pomeranz","Drew","R","L","MIL","P"
"810","salat001","Saladino","Tyler","R","R","MIL","3B"
"811","shawt001","Shaw","Travis","L","R","MIL","1B"
"812","smitb005","Smith","Burch","R","R","MIL","P"
"813","spanc001","Spangenberg","Cory","L","R","MIL","2B"
"814","suteb001","Suter","Brent","L","L","MIL","P"
"815","taylt002","Taylor","Tyrone","R","R","MIL","OF"
"816","thame001","Thames","Eric","L","R","MIL","OF"
"817","wilka003","Wilkerson","Aaron","R","R","MIL","P"
"818","willd004","Williams","Devin","R","R","MIL","P"
"819","willt003","Williams","Taylor","B","R","MIL","P"
"820","wilsa001","Wilson","Alex","R","R","MIL","P"
"821","woodb005","Woodruff","Brandon","L","R","MIL","P"
"822","yelic001","Yelich","Christian","L","R","MIL","OF"
"823","adrie001","Adrianza","Ehire","B","R","MIN","2B"
"824","alcaj001","Alcala","Jorge","R","R","MIN","P"
"825","arral001","Arraez","Luis","L","R","MIN","2B"
"826","astuw001","Astudillo","Willians","R","R","MIN","C"
"827","austt001","Austin","Tyler","R","R","MIN","OF"
"828","berrj001","Berrios","Jose","R","R","MIN","P"
"829","buxtb001","Buxton","Byron","R","R","MIN","OF"
"830","castj006","Castro","Jason","L","R","MIN","C"
"831","cavej001","Cave","Jake","L","L","MIN","OF"
"832","cronc002","Cron","C.J.","R","R","MIN","1B"
"833","cruzn002","Cruz","Nelson","R","R","MIN","OF"
"834","dejoc001","De Jong","Chase","L","R","MIN","P"
"835","dobnr001","Dobnak","Randy","R","R","MIN","P"
"836","dufft001","Duffey","Tyler","R","R","MIN","P"
"837","dysos001","Dyson","Sam","R","R","MIN","P"
"838","eader001","Eades","Ryan","R","R","MIN","P"
"839","garvm001","Garver","Mitch","R","R","MIN","C"
"840","gibsk002","Gibson","Kyle","R","R","MIN","P"
"841","gonzm002","Gonzalez","Marwin","B","R","MIN","1B"
"842","gratb002","Graterol","Brusdar","R","R","MIN","P"
"843","harpr001","Harper","Ryne","R","R","MIN","P"
"844","hildt001","Hildenberger","Trevor","R","R","MIN","P"
"845","keplm001","Kepler","Max","L","L","MIN","OF"
"846","lamar001","LaMarre","Ryan","R","L","MIN","OF"
"847","littz001","Littell","Zack","R","R","MIN","P"
"848","magim001","Magill","Matt","R","R","MIN","P"
"849","may-t001","May","Trevor","R","R","MIN","P"
"850","mejia001","Mejia","Adalberto","R","L","MIN","P"
"851","milli001","Miller","Ian","L","R","MIN","OF"
"852","morim002","Morin","Mike","R","R","MIN","P"
"853","odorj001","Odorizzi","Jake","R","R","MIN","P"
"854","parkb001","Parker","Blake","R","R","MIN","P"
"855","perem004","Perez","Martin","L","L","MIN","P"
"856","pinem001","Pineda","Michael","R","R","MIN","P"
"857","polaj001","Polanco","Jorge","B","R","MIN","SS"
"858","popps001","Poppen","Sean","R","R","MIN","P"
"859","roget001","Rogers","Taylor","L","L","MIN","P"
"860","romef001","Romero","Fernando","R","R","MIN","P"
"861","romos001","Romo","Sergio","R","R","MIN","P"
"862","rosae001","Rosario","Eddie","L","R","MIN","OF"
"863","sanom001","Sano","Miguel","R","R","MIN","DH"
"864","schoj001","Schoop","Jonathan","R","R","MIN","2B"
"865","smeld001","Smeltzer","Devin","R","L","MIN","P"
"866","stasc001","Stashak","Cody","R","R","MIN","P"
"867","stewk001","Stewart","Kohl","R","R","MIN","P"
"868","thorl002","Thorpe","Lewis","R","L","MIN","P"
"869","torrr001","Torreyes","Ronald","R","R","MIN","2B"
"870","vasqa002","Vasquez","Andrew","L","L","MIN","P"
"871","wadel001","Wade","LaMonte","L","L","MIN","OF"
"872","alcas001","Alcantara","Sandy","R","R","MIA","P"
"873","alonp001","Alonso","Pete","R","R","NYN","1B"
"874","arenn001","Arenado","Nolan","R","R","COL","3B"
"875","baezj001","Baez","Javier","R","R","CHN","2B"
"876","bellc002","Bellinger","Cody","L","L","LAN","1B"
"877","bellj005","Bell","Josh","B","R","PIT","1B"
"878","blacc001","Blackmon","Charlie","L","L","COL","OF"
"879","bryak001","Bryant","Kris","R","R","CHN","3B"
"880","buehw001","Buehler","Walker","R","R","LAN","P"
"881","castl003","Castillo","Luis","R","R","CIN","P"
"882","contw001","Contreras","Willson","R","R","CHN","C"
"883","dahld001","Dahl","David","L","R","COL","OF"
"884","degrj001","deGrom","Jacob","L","R","NYN","P"
"885","dejop001","DeJong","Paul","R","R","SLN","3B"
"886","freef001","Freeman","Freddie","L","R","ATL","1B"
"887","grany001","Grandal","Yasmani","B","R","MIL","C"
"888","grays001","Gray","Sonny","R","R","CIN","P"
"889","hadej001","Hader","Josh","L","L","MIL","P"
"890","kersc001","Kershaw","Clayton","L","L","LAN","P"
"891","martk001","Marte","Ketel","B","R","ARI","SS"
"892","mcnej002","McNeil","Jeff","L","R","NYN","2B"
"893","mousm001","Moustakas","Mike","L","R","MIL","3B"
"894","muncm001","Muncy","Max","L","R","LAN","1B"
"895","renda001","Rendon","Anthony","R","R","WAS","2B"
"896","realj001","Realmuto","J.T.","R","R","PHI","C"
"897","ryu-h001","Ryu","Hyun-Jin","R","L","LAN","P"
"898","schem001","Scherzer","Max","R","R","WAS","P"
"899","smitw002","Smith","Will","R","L","SFN","P"
"900","sorom001","Soroka","Mike","R","R","ATL","P"
"901","stort001","Story","Trevor","R","R","COL","SS"
"902","rivef001","Vazquez","Felipe","L","L","PIT","P"
"903","woodb005","Woodruff","Brandon","L","R","MIL","P"
"904","yatek001","Yates","Kirby","L","R","SDN","P"
"905","yelic001","Yelich","Christian","L","R","MIL","OF"
"906","andum001","Andujar","Miguel","R","R","NYA","3B"
"907","barrj002","Barrett","Jake","R","R","NYA","P"
"908","betad001","Betances","Dellin","R","R","NYA","P"
"909","birdg001","Bird","Greg","L","R","NYA","1B"
"910","britz001","Britton","Zack","L","L","NYA","P"
"911","cessl001","Cessa","Luis","R","R","NYA","P"
"912","chapa001","Chapman","Aroldis","L","L","NYA","P"
"913","cortn001","Cortes","Nestor","R","L","NYA","P"
"914","dullr001","Dull","Ryan","R","R","NYA","P"
"915","encae001","Encarnacion","Edwin","R","R","NYA","DH"
"916","estrt001","Estrada","Thairo","R","R","NYA","SS"
"917","fordm002","Ford","Mike","L","R","NYA","1B"
"918","frazc001","Frazier","Clint","R","R","NYA","OF"
"919","gardb001","Gardner","Brett","L","L","NYA","OF"
"920","gearc001","Gearrin","Cory","R","R","NYA","P"
"921","germd001","German","Domingo","R","R","NYA","P"
"922","greec003","Green","Chad","L","R","NYA","P"
"923","gregd001","Gregorius","Didi","L","R","NYA","SS"
"924","haled001","Hale","David","R","R","NYA","P"
"925","happj001","Happ","J.A.","L","L","NYA","P"
"926","harvj001","Harvey","Joe","R","R","NYA","P"
"927","hellb001","Heller","Ben","R","R","NYA","P"
"928","hicka001","Hicks","Aaron","B","R","NYA","OF"
"929","higak001","Higashioka","Kyle","R","R","NYA","C"
"930","holdj002","Holder","Jonathan","R","R","NYA","P"
"931","judga001","Judge","Aaron","R","R","NYA","OF"
"932","kahnt001","Kahnle","Tommy","R","R","NYA","P"
"933","kingm002","King","Michael","R","R","NYA","P"
"934","lailb001","Lail","Brady","R","R","NYA","P"
"935","lemad001","LeMahieu","DJ","R","R","NYA","2B"
"936","loaij001","Loaisiga","Jonathan","R","R","NYA","P"
"937","lyont001","Lyons","Tyler","B","L","NYA","P"
"938","mantj002","Mantiply","Joe","R","L","NYA","P"
"939","maybc001","Maybin","Cameron","R","R","NYA","OF"
"940","montj004","Montgomery","Jordan","L","L","NYA","P"
"941","morak001","Morales","Kendrys","B","R","NYA","DH"
"942","ottaa001","Ottavino","Adam","B","R","NYA","P"
"943","paxtj001","Paxton","James","L","L","NYA","P"
"944","romia002","Romine","Austin","R","R","NYA","C"
"945","rosaa004","Rosa","Adonis","R","R","NYA","P"
"946","sabac001","Sabathia","CC","L","L","NYA","P"
"947","sancg002","Sanchez","Gary","R","R","NYA","C"
"948","sevel001","Severino","Luis","R","R","NYA","P"
"949","stanm004","Stanton","Giancarlo","R","R","NYA","OF"
"950","tanam001","Tanaka","Masahiro","R","R","NYA","P"
"951","taucm001","Tauchman","Mike","L","L","NYA","OF"
"952","tarps001","Tarpley","Stephen","R","L","NYA","P"
"953","torrg001","Torres","Gleyber","R","R","NYA","2B"
"954","tulot001","Tulowitzki","Troy","R","R","NYA","SS"
"955","urshg001","Urshela","Gio","R","R","NYA","3B"
"956","valeb001","Valera","Breyvic","B","R","NYA","2B"
"957","voitl001","Voit","Luke","R","R","NYA","1B"
"958","wadet002","Wade","Tyler","L","R","NYA","P"
"959","altha001","Altherr","Aaron","R","R","NYN","OF"
"960","avill001","Avilan","Luis","L","L","NYN","P"
"961","basht001","Bashlor","Tyler","R","R","NYN","P"
"962","bracb001","Brach","Brad","R","R","NYN","P"
"963","broxk001","Broxton","Keon","R","R","NYN","OF"
"964","canor001","Cano","Robinson","L","R","NYN","2B"
"965","confm001","Conforto","Michael","L","R","NYN","OF"
"966","darnt001","d'Arnaud","Travis","R","R","NYN","C"
"967","davij006","Davis","J.D.","R","R","NYN","3B"
"968","degrj001","deGrom","Jacob","L","R","NYN","P"
"969","diaze006","Diaz","Edwin","R","R","NYN","P"
"970","davir003","Davis","Rajai","R","R","NYN","OF"
"971","famij001","Familia","Jeurys","R","R","NYN","P"
"972","flexc001","Flexen","Chris","R","R","NYN","P"
"973","fontw001","Font","Wilmer","R","R","NYN","P"
"974","frazt001","Frazier","Todd","R","R","NYN","3B"
"975","gagnd001","Gagnon","Drew","R","R","NYN","P"
"976","gomec002","Gomez","Carlos","R","R","NYN","OF"
"977","gselr001","Gsellman","Robert","R","R","NYN","P"
"978","guill001","Guillorme","Luis","L","R","NYN","SS"
"979","haggs001","Haggerty","Sam","B","R","NYN","2B"
"980","hartd002","Hart","Donnie","L","L","NYN","P"
"981","hecha001","Hechavarria","Adeiny","R","R","NYN","SS"
"982","lagaj001","Lagares","Juan","R","R","NYN","OF"
"983","lockw001","Lockett","Walker","R","R","NYN","P"
"984","lowrj001","Lowrie","Jed","B","R","NYN","3B"
"985","lugos001","Lugo","Seth","R","R","NYN","P"
"986","matzs001","Matz","Steven","R","L","NYN","P"
"987","mazzc002","Mazza","Chris","R","R","NYN","P"
"988","mcnej002","McNeil","Jeff","L","R","NYN","2B"
"989","nidot001","Nido","Tomas","R","R","NYN","C"
"990","nimmb001","Nimmo","Brandon","L","R","NYN","OF"
"991","nogos001","Nogosek","Stephen","R","R","NYN","P"
"992","orour001","O'Rourke","Ryan","R","L","NYN","P"
"993","oswac001","Oswalt","Corey","R","R","NYN","P"
"994","panij002","Panik","Joe","L","R","NYN","2B"
"995","petet001","Peterson","Tim","R","R","NYN","P"
"996","pounb001","Pounders","Brooks","R","R","NYN","P"
"997","ramow001","Ramos","Wilson","R","R","NYN","C"
"998","rhamj001","Rhame","Jacob","R","R","NYN","P"
"999","river003","Rivera","Rene","R","R","NYN","C"
"1000","rosaa003","Rosario","Amed","R","R","NYN","SS"
"1001","santh001","Santiago","Hector","R","L","NYN","P"
"1002","sewap001","Sewald","Paul","R","R","NYN","P"
"1003","smitd008","Smith","Dominic","L","L","NYN","1B"
"1004","strom001","Stroman","Marcus","R","R","NYN","P"
"1005","syndn001","Syndergaard","Noah","L","R","NYN","P"
"1006","tejar001","Tejada","Ruben","R","R","NYN","SS"
"1007","vargj001","Vargas","Jason","L","L","NYN","P"
"1008","wheez001","Wheeler","Zack","L","R","NYN","P"
"1009","wilsj004","Wilson","Justin","L","L","NYN","P"
"1010","zamod001","Zamora","Daniel","L","L","NYN","P"
"1011","andet003","Anderson","Tanner","R","R","OAK","P"
"1012","bailh001","Bailey","Homer","R","R","OAK","P"
"1013","barrf001","Barreto","Franklin","R","R","OAK","SS"
"1014","bassc001","Bassitt","Chris","R","R","OAK","P"
"1015","blacp001","Blackburn","Paul","R","R","OAK","P"
"1016","bolts001","Bolt","Skye","B","R","OAK","OF"
"1017","brooa001","Brooks","Aaron","R","R","OAK","P"
"1018","brows003","Brown","Seth","L","L","OAK","1B"
"1019","buchr001","Buchter","Ryan","L","L","OAK","P"
"1020","canhm001","Canha","Mark","R","R","OAK","OF"
"1021","chapm001","Chapman","Matt","R","R","OAK","3B"
"1022","davik003","Davis","Khris","R","R","OAK","OF"
"1023","diekj001","Diekman","Jake","L","L","OAK","P"
"1024","dullr001","Dull","Ryan","R","R","OAK","P"
"1025","estrm001","Estrada","Marco","R","R","OAK","P"
"1026","fierm001","Fiers","Mike","R","R","OAK","P"
"1027","garnd001","Garneau","Dustin","R","R","OAK","C"
"1028","grosr001","Grossman","Robbie","B","L","OAK","OF"
"1029","hendl001","Hendriks","Liam","R","R","OAK","P"
"1030","herrc001","Herrmann","Chris","L","R","OAK","C"
"1031","hundn001","Hundley","Nick","R","R","OAK","C"
"1032","josec001","Joseph","Corban","L","R","OAK","1B"
"1033","laurr001","Laureano","Ramon","R","R","OAK","OF"
"1034","luzaj001","Luzardo","Jesus","L","L","OAK","P"
"1035","manas001","Manaea","Sean","R","L","OAK","P"
"1036","martn003","Martini","Nick","L","L","OAK","OF"
"1037","mengd001","Mengden","Daniel","R","R","OAK","P"
"1038","montf001","Montas","Frankie","R","R","OAK","P"
"1039","morak001","Morales","Kendrys","B","R","OAK","DH"
"1040","murps001","Murphy","Sean","R","R","OAK","C"
"1041","neuss001","Neuse","Sheldon","R","R","OAK","3B"
"1042","olsom001","Olson","Matt","L","R","OAK","1B"
"1043","petiy001","Petit","Yusmeiro","R","R","OAK","P"
"1044","phegj001","Phegley","Josh","R","R","OAK","C"
"1045","pindc001","Pinder","Chad","R","R","OAK","2B"
"1046","piscs001","Piscotty","Stephen","R","R","OAK","OF"
"1047","profj001","Profar","Jurickson","B","R","OAK","2B"
"1048","puk-a001","Puk","A.J.","L","L","OAK","P"
"1049","roart001","Roark","Tanner","R","R","OAK","P"
"1050","rodnf001","Rodney","Fernando","R","R","OAK","P"
"1051","schlb001","Schlitter","Brian","R","R","OAK","P"
"1052","semim001","Semien","Marcus","R","R","OAK","SS"
"1053","sorij001","Soria","Joakim","R","R","OAK","P"
"1054","taylb003","Taylor","Beau","L","R","OAK","C"
"1055","treib001","Treinen","Blake","R","R","OAK","P"
"1056","trivl001","Trivino","Lou","R","R","OAK","P"
"1057","wangw001","Wang","Wei-Chung","L","L","OAK","P"
"1058","wendj001","Wendelken","J.B.","R","R","OAK","P"
"1059","alvaj003","Alvarez","Jose","L","L","PHI","P"
"1060","anded003","Anderson","Drew","R","R","PHI","P"
"1061","aranv001","Arano","Victor","R","R","PHI","P"
"1062","arrij001","Arrieta","Jake","R","R","PHI","P"
"1063","branr002","Brantly","Rob","L","R","PHI","C"
"1064","brucj001","Bruce","Jay","L","L","PHI","OF"
"1065","cozed001","Cozens","Dylan","L","L","PHI","OF"
"1066","davia003","Davis","Austin","L","L","PHI","P"
"1067","deloe001","De Los Santos","Enyel","R","R","PHI","P"
"1068","dickc002","Dickerson","Corey","L","R","PHI","OF"
"1069","domis001","Dominguez","Seranthony","R","R","PHI","P"
"1070","efliz001","Eflin","Zach","R","R","PHI","P"
"1071","eickj001","Eickhoff","Jerad","R","R","PHI","P"
"1072","franm004","Franco","Maikel","R","R","PHI","3B"
"1073","garce001","Garcia","Edgar","R","R","PHI","P"
"1074","gossp001","Gosselin","Phil","R","R","PHI","2B"
"1075","gruld001","Grullon","Deivy","R","R","PHI","C"
"1076","hammj003","Hammer","JD","R","R","PHI","P"
"1077","harpb003","Harper","Bryce","L","R","PHI","OF"
"1078","hasea001","Haseley","Adam","L","L","PHI","OF"
"1079","hernc005","Hernandez","Cesar","B","R","PHI","2B"
"1080","herro001","Herrera","Odubel","L","R","PHI","OF"
"1081","hoskr001","Hoskins","Rhys","R","R","PHI","1B"
"1082","hughj001","Hughes","Jared","R","R","PHI","P"
"1083","huntt002","Hunter","Tommy","R","R","PHI","P"
"1084","irvic001","Irvin","Cole","L","L","PHI","P"
"1085","kings001","Kingery","Scott","R","R","PHI","2B"
"1086","knapa001","Knapp","Andrew","B","R","PHI","C"
"1087","mccua001","McCutchen","Andrew","R","R","PHI","OF"
"1088","millb002","Miller","Brad","L","R","PHI","SS"
"1089","morga001","Morgan","Adam","L","L","PHI","P"
"1090","morim002","Morin","Mike","R","R","PHI","P"
"1091","morrl001","Morrison","Logan","L","L","PHI","1B"
"1092","nerih001","Neris","Hector","R","R","PHI","P"
"1093","neshp001","Neshek","Pat","B","R","PHI","P"
"1094","nicaj001","Nicasio","Juan","R","R","PHI","P"
"1095","nolaa001","Nola","Aaron","R","R","PHI","P"
"1096","parkb001","Parker","Blake","R","R","PHI","P"
"1097","pirej001","Pirela","Jose","R","R","PHI","OF"
"1098","piven001","Pivetta","Nick","R","R","PHI","P"
"1099","quinr003","Quinn","Roman","B","R","PHI","OF"
"1100","ramoe002","Ramos","Edubray","R","R","PHI","P"
"1101","realj001","Realmuto","J.T.","R","R","PHI","C"
"1102","robed002","Robertson","David","R","R","PHI","P"
"1103","rodrs002","Rodriguez","Sean","R","R","PHI","1B"
"1104","riosy001","Rios","Yacksel","R","R","PHI","P"
"1105","salaf001","Salas","Fernando","R","R","PHI","P"
"1106","seguj002","Segura","Jean","R","R","PHI","SS"
"1107","smyld001","Smyly","Drew","L","L","PHI","P"
"1108","suarr001","Suarez","Ranger","L","L","PHI","P"
"1109","vargj001","Vargas","Jason","L","L","PHI","P"
"1110","velav001","Velasquez","Vincent","R","R","PHI","P"
"1111","vincn001","Vincent","Nick","R","R","PHI","P"
"1112","waldm001","Walding","Mitch","L","R","PHI","3B"
"1113","willn001","Williams","Nick","L","L","PHI","OF"
"1114","agrad001","Agrazal","Dario","R","R","PIT","P"
"1115","baros002","Baron","Steve","R","R","PIT","C"
"1116","bellj005","Bell","Josh","B","R","PIT","1B"
"1117","braus002","Brault","Steven","L","L","PIT","P"
"1118","burdn001","Burdi","Nick","R","R","PIT","P"
"1119","cabrm002","Cabrera","Melky","B","L","PIT","OF"
"1120","cervf001","Cervelli","Francisco","R","R","PIT","C"
"1121","crick001","Crick","Kyle","L","R","PIT","P"
"1122","davir004","Davis","Rookie","R","R","PIT","P"
"1123","diaze005","Diaz","Elias","R","R","PIT","C"
"1124","dickc002","Dickerson","Corey","L","R","PIT","OF"
"1125","duram002","DuRapau","Montana","R","R","PIT","P"
"1126","elmoj001","Elmore","Jake","R","R","PIT","2B"
"1127","escol001","Escobar","Luis","R","R","PIT","P"
"1128","felim001","Feliz","Michael","R","R","PIT","P"
"1129","fraza001","Frazier","Adam","L","R","PIT","OF"
"1130","gonze004","Gonzalez","Erik","R","R","PIT","SS"
"1131","hartg001","Hartlieb","Geoff","R","R","PIT","P"
"1132","holmc001","Holmes","Clay","R","R","PIT","P"
"1133","jerew001","Jerez","Williams","L","L","PIT","P"
"1134","josec001","Joseph","Corban","L","R","PIT","1B"
"1135","kangj001","Kang","Jung Ho","R","R","PIT","3B"
"1136","kelak001","Kela","Keone","R","R","PIT","P"
"1137","kellm003","Keller","Mitch","R","R","PIT","P"
"1138","kingn001","Kingham","Nick","R","R","PIT","P"
"1139","kramk001","Kramer","Kevin","L","R","PIT","2B"
"1140","lirif001","Liriano","Francisco","L","L","PIT","P"
"1141","lylej001","Lyles","Jordan","R","R","PIT","P"
"1142","lyont001","Lyons","Tyler","B","L","PIT","P"
"1143","markp001","Markel","Parker","R","R","PIT","P"
"1144","marts002","Marte","Starling","R","R","PIT","OF"
"1145","martj009","Martin","Jason","L","R","PIT","OF"
"1146","marvj001","Marvel","James","R","R","PIT","P"
"1147","mcraa001","McRae","Alex","R","R","PIT","P"
"1148","morac001","Moran","Colin","L","R","PIT","3B"
"1149","musgj001","Musgrove","Joe","R","R","PIT","P"
"1150","neved001","Neverauskas","Dovydas","R","R","PIT","P"
"1151","newmk001","Newman","Kevin","R","R","PIT","2B"
"1152","osunj001","Osuna","Jose","R","R","PIT","OF"
"1153","polag001","Polanco","Gregory","L","L","PIT","OF"
"1154","ramiy001","Ramirez","Yefry","R","R","PIT","P"
"1155","reyep001","Reyes","Pablo","R","R","PIT","OF"
"1156","reynb001","Reynolds","Bryan","B","R","PIT","OF"
"1157","riosy001","Rios","Yacksel","R","R","PIT","P"
"1158","rodrr008","Rodriguez","Richard","R","R","PIT","P"
"1159","shucj001","Shuck","J.B.","L","L","PIT","OF"
"1160","stalj001","Stallings","Jacob","R","R","PIT","C"
"1161","strac001","Stratton","Chris","R","R","PIT","P"
"1162","tailj001","Taillon","Jameson","R","R","PIT","P"
"1163","tuckc001","Tucker","Cole","B","R","PIT","SS"
"1164","rivef001","Vazquez","Felipe","L","L","PIT","P"
"1165","wangw001","Wang","Wei-Chung","L","L","PIT","P"
"1166","willt002","Williams","Trevor","R","R","PIT","P"
"1167","allel002","Allen","Logan","R","L","SDN","P"
"1168","avilp001","Avila","Pedro","R","R","SDN","P"
"1169","baezm001","Baez","Michel","R","R","SDN","P"
"1170","bednd001","Bednar","David","L","R","SDN","P"
"1171","bolar001","Bolanos","Ronald","R","R","SDN","P"
"1172","castj007","Castillo","Jose","L","L","SDN","P"
"1173","cordf003","Cordero","Franchy","L","R","SDN","OF"
"1174","diazm004","Diaz","Miguel","R","R","SDN","P"
"1175","dicka001","Dickerson","Alex","L","L","SDN","OF"
"1176","edwac001","Edwards","Carl","R","R","SDN","P"
"1177","erlir001","Erlin","Robbie","R","L","SDN","P"
"1178","frant002","France","Ty","R","R","SDN","3B"
"1179","garcg002","Garcia","Greg","L","R","SDN","SS"
"1180","guerj004","Guerra","Javy","L","R","SDN","P"
"1181","hedga001","Hedges","Austin","R","R","SDN","C"
"1182","hosme001","Hosmer","Eric","L","L","SDN","1B"
"1183","jankt001","Jankowski","Travis","L","R","SDN","OF"
"1184","kinsi001","Kinsler","Ian","R","R","SDN","2B"
"1185","lamed001","Lamet","Dinelson","R","R","SDN","P"
"1186","lauee001","Lauer","Eric","R","L","SDN","P"
"1187","loupa001","Loup","Aaron","L","L","SDN","P"
"1188","luccj001","Lucchesi","Joey","L","L","SDN","P"
"1189","machm001","Machado","Manny","R","R","SDN","3B"
"1190","margn001","Margevicius","Nick","L","L","SDN","P"
"1191","margm001","Margot","Manuel","R","R","SDN","OF"
"1192","martn003","Martini","Nick","L","L","SDN","OF"
"1193","matop002","Maton","Phil","R","R","SDN","P"
"1194","mejif001","Mejia","Francisco","B","R","SDN","C"
"1195","mejis001","Mejias-Brean","Seth","R","R","SDN","3B"
"1196","morea001","Morejon","Adrian","L","L","SDN","P"
"1197","munoa002","Munoz","Andres","R","R","SDN","P"
"1198","myerw001","Myers","Wil","R","R","SDN","OF"
"1199","naylj001","Naylor","Josh","L","L","SDN","OF"
"1200","paddc001","Paddack","Chris","R","R","SDN","P"
"1201","perdl002","Perdomo","Luis","R","R","SDN","P"
"1202","pirej001","Pirela","Jose","R","R","SDN","OF"
"1203","quanc001","Quantrill","Cal","L","R","SDN","P"
"1204","renfh001","Renfroe","Hunter","R","R","SDN","OF"
"1205","reyef001","Reyes","Franmil","R","R","SDN","OF"
"1206","reyeg002","Reyes","Gerardo","R","R","SDN","P"
"1207","richg002","Richards","Garrett","R","R","SDN","P"
"1208","stamc001","Stammen","Craig","R","R","SDN","P"
"1209","stocr001","Stock","Robert","L","R","SDN","P"
"1210","stram001","Strahm","Matt","R","L","SDN","P"
"1211","tatif002","Tatis","Fernando","R","R","SDN","SS"
"1212","torrl001","Torrens","Luis","R","R","SDN","C"
"1213","urial001","Urias","Luis","R","R","SDN","2B"
"1214","warra001","Warren","Adam","R","R","SDN","P"
"1215","wiecb001","Wieck","Brad","L","L","SDN","P"
"1216","wingt001","Wingenter","Trey","R","R","SDN","P"
"1217","wislm001","Wisler","Matt","R","R","SDN","P"
"1218","yarde001","Yardley","Eric","R","R","SDN","P"
"1219","yatek001","Yates","Kirby","L","R","SDN","P"
"1220","alanr001","Alaniz","R.J.","R","R","SEA","P"
"1221","altad001","Altavilla","Dan","R","R","SEA","P"
"1222","armss001","Armstrong","Shawn","R","R","SEA","P"
"1223","bassa001","Bass","Anthony","R","R","SEA","P"
"1224","bautg001","Bautista","Gerson","R","R","SEA","P"
"1225","beckt001","Beckham","Tim","R","R","SEA","2B"
"1226","biddj001","Biddle","Jesse","L","L","SEA","P"
"1227","bishb001","Bishop","Braden","R","R","SEA","OF"
"1228","bradc002","Bradford","Chasen","R","R","SEA","P"
"1229","brenb003","Brennan","Brandon","R","R","SEA","P"
"1230","broxk001","Broxton","Keon","R","R","SEA","OF"
"1231","brucj001","Bruce","Jay","L","L","SEA","OF"
"1232","caram001","Carasiti","Matt","R","R","SEA","P"
"1233","courr001","Court","Ryan","R","R","SEA","SS"
"1234","crawj002","Crawford","J.P.","L","R","SEA","SS"
"1235","eliar001","Elias","Roenis","L","L","SEA","P"
"1236","dunnj002","Dunn","Justin","R","R","SEA","P"
"1237","encae001","Encarnacion","Edwin","R","R","SEA","DH"
"1238","festm001","Festa","Matt","R","R","SEA","P"
"1239","fralj001","Fraley","Jake","L","L","SEA","OF"
"1240","freid001","Freitas","David","R","R","SEA","C"
"1241","gartr001","Garton","Ryan","R","R","SEA","P"
"1242","gearc001","Gearrin","Cory","R","R","SEA","P"
"1243","gonzm005","Gonzales","Marco","L","L","SEA","P"
"1244","gordd002","Gordon","Dee","L","R","SEA","2B"
"1245","grotz001","Grotz","Zac","R","R","SEA","P"
"1246","guilt001","Guilbeau","Taylor","L","L","SEA","P"
"1247","hanim001","Haniger","Mitch","R","R","SEA","OF"
"1248","healr001","Healy","Ryon","R","R","SEA","3B"
"1249","hernf002","Hernandez","Felix","R","R","SEA","P"
"1250","kikuy001","Kikuchi","Yusei","L","L","SEA","P"
"1251","leakm001","Leake","Mike","R","R","SEA","P"
"1252","leblw001","LeBlanc","Wade","L","L","SEA","P"
"1253","lewik001","Lewis","Kyle","R","R","SEA","OF"
"1254","longs001","Long","Shed","L","R","SEA","2B"
"1255","lopet001","Lopes","Tim","R","R","SEA","2B"
"1256","magim001","Magill","Matt","R","R","SEA","P"
"1257","markp001","Markel","Parker","R","R","SEA","P"
"1258","mcclr001","McClain","Reggie","R","R","SEA","P"
"1259","mckad001","McKay","David","R","R","SEA","P"
"1260","milot001","Milone","Tom","L","L","SEA","P"
"1261","moora002","Moore","Andrew","R","R","SEA","P"
"1262","moord002","Moore","Dylan","R","R","SEA","3B"
"1263","murpt002","Murphy","Tom","R","R","SEA","C"
"1264","narvo001","Narvaez","Omar","L","R","SEA","C"
"1265","negrk001","Negron","Kristopher","R","R","SEA","OF"
"1266","nolaa002","Nola","Austin","R","R","SEA","1B"
"1267","rossz001","Rosscup","Zac","R","L","SEA","P"
"1268","rumbn001","Rumbelow","Nick","R","R","SEA","P"
"1269","sadzc001","Sadzeck","Connor","R","R","SEA","P"
"1270","santd002","Santana","Domingo","R","R","SEA","OF"
"1271","scott004","Scott","Tayler","R","R","SEA","P"
"1272","seagk001","Seager","Kyle","L","R","SEA","3B"
"1273","shefj001","Sheffield","Justus","L","L","SEA","P"
"1274","smitm007","Smith","Mallex","L","R","SEA","OF"
"1275","strih001","Strickland","Hunter","R","R","SEA","P"
"1276","suzui001","Suzuki","Ichiro","L","R","SEA","OF"
"1277","swane001","Swanson","Erik","R","R","SEA","P"
"1278","swara001","Swarzak","Anthony","R","R","SEA","P"
"1279","tuivs001","Tuivailala","Sam","R","R","SEA","P"
"1280","voged001","Vogelbach","Daniel","L","R","SEA","1B"
"1281","waltd002","Walton","Donnie","L","R","SEA","2B"
"1282","warra002","Warren","Art","R","R","SEA","P"
"1283","willm008","Williamson","Mac","R","R","SEA","OF"
"1284","wislm001","Wisler","Matt","R","R","SEA","P"
"1285","wrigm001","Wright","Mike","R","R","SEA","P"
"1286","adamc001","Adames","Cristhian","B","R","SFN","SS"
"1287","altha001","Altherr","Aaron","R","R","SFN","OF"
"1288","andes002","Anderson","Shaun","R","R","SFN","P"
"1289","austt001","Austin","Tyler","R","R","SFN","OF"
"1290","avela001","Avelino","Abiatal","R","R","SFN","SS"
"1291","barrk002","Barraclough","Kyle","R","R","SFN","P"
"1292","beedt001","Beede","Tyler","R","R","SFN","P"
"1293","beltb001","Belt","Brandon","L","L","SFN","1B"
"1294","bergt001","Bergen","Travis","L","L","SFN","P"
"1295","blacr001","Black","Ray","R","R","SFN","P"
"1296","blact002","Blach","Ty","R","L","SFN","P"
"1297","bumgm001","Bumgarner","Madison","R","L","SFN","P"
"1298","coons001","Coonrod","Sam","R","R","SFN","P"
"1299","crawb001","Crawford","Brandon","L","R","SFN","SS"
"1300","cuetj001","Cueto","Johnny","R","R","SFN","P"
"1301","davij008","Davis","Jaylin","R","R","SFN","OF"
"1302","dicka001","Dickerson","Alex","L","L","SFN","OF"
"1303","dubom001","Dubon","Mauricio","R","R","SFN","SS"
"1304","duggs001","Duggar","Steven","L","R","SFN","OF"
"1305","dysos001","Dyson","Sam","R","R","SFN","P"
"1306","frane001","Franco","Enderson","R","R","SFN","P"
"1307","garca006","Garcia","Aramis","R","R","SFN","C"
"1308","genns001","Gennett","Scooter","L","R","SFN","2B"
"1309","gerbm001","Gerber","Mike","L","R","SFN","OF"
"1310","gottt001","Gott","Trevor","R","R","SFN","P"
"1311","greez001","Green","Zach","R","R","SFN","1B"
"1312","gustj001","Gustave","Jandel","R","R","SFN","P"
"1313","holld003","Holland","Derek","B","L","SFN","P"
"1314","jerew001","Jerez","Williams","L","L","SFN","P"
"1315","joe-c001","Joe","Connor","R","R","SFN","3B"
"1316","josec001","Joseph","Corban","L","R","SFN","1B"
"1317","krate001","Kratz","Erik","R","R","SFN","C"
"1318","longe001","Longoria","Evan","R","R","SFN","3B"
"1319","melam001","Melancon","Mark","R","R","SFN","P"
"1320","menec001","Menez","Conner","L","L","SFN","P"
"1321","moror001","Moronta","Reyes","R","R","SFN","P"
"1322","panij002","Panik","Joe","L","R","SFN","2B"
"1323","parrg001","Parra","Gerardo","L","L","SFN","OF"
"1324","peraw002","Peralta","Wandy","L","L","SFN","P"
"1325","pillk001","Pillar","Kevin","R","R","SFN","OF"
"1326","pomed001","Pomeranz","Drew","R","L","SFN","P"
"1327","poseb001","Posey","Buster","R","R","SFN","C"
"1328","reedm001","Reed","Michael","R","R","SFN","OF"
"1329","rickj001","Rickard","Joey","R","L","SFN","OF"
"1330","rodrd001","Rodriguez","Dereck","R","R","SFN","P"
"1331","roget002","Rogers","Tyler","R","R","SFN","P"
"1332","samaj001","Samardzija","Jeff","R","R","SFN","P"
"1333","sandp001","Sandoval","Pablo","B","R","SFN","3B"
"1334","selms001","Selman","Sam","R","L","SFN","P"
"1335","shawc001","Shaw","Chris","L","R","SFN","OF"
"1336","slata001","Slater","Austin","R","R","SFN","OF"
"1337","smitb005","Smith","Burch","R","R","SFN","P"
"1338","smitw002","Smith","Will","R","L","SFN","P"
"1339","solad001","Solano","Donovan","R","R","SFN","2B"
"1340","solay001","Solarte","Yangervis","B","R","SFN","3B"
"1341","suara002","Suarez","Andrew","L","L","SFN","P"
"1342","vendp001","Venditte","Pat","L","L","SFN","P"
"1343","vincn001","Vincent","Nick","R","R","SFN","P"
"1344","vogts001","Vogt","Stephen","L","R","SFN","C"
"1345","watst001","Watson","Tony","L","L","SFN","P"
"1346","webbl001","Webb","Logan","R","R","SFN","P"
"1347","willm008","Williamson","Mac","R","R","SFN","OF"
"1348","yastm001","Yastrzemski","Mike","L","L","SFN","OF"
"1349","badeh001","Bader","Harrison","R","R","SLN","OF"
"1350","brebj001","Brebbia","John","L","R","SLN","P"
"1351","cabrg001","Cabrera","Genesis","L","L","SLN","P"
"1352","carpm002","Carpenter","Matt","L","R","SLN","3B"
"1353","dejop001","DeJong","Paul","R","R","SLN","3B"
"1354","edmat001","Edman","Tommy","B","R","SLN","SS"
"1355","fernj006","Fernandez","Junior","R","R","SLN","P"
"1356","flahj002","Flaherty","Jack","R","R","SLN","P"
"1357","fowld001","Fowler","Dexter","B","R","SLN","OF"
"1358","gallg001","Gallegos","Giovanny","R","R","SLN","P"
"1359","gantj002","Gant","John","R","R","SLN","P"
"1360","goldp001","Goldschmidt","Paul","R","R","SLN","1B"
"1361","gregl001","Gregerson","Luke","L","R","SLN","P"
"1362","gyorj001","Gyorko","Jedd","R","R","SLN","2B"
"1363","helsr001","Helsley","Ryan","R","R","SLN","P"
"1364","hickj002","Hicks","Jordan","R","R","SLN","P"
"1365","hudsd002","Hudson","Dakota","R","R","SLN","P"
"1366","hudsj002","Hudson","Joe","R","R","SLN","C"
"1367","kniza001","Knizner","Andrew","R","R","SLN","C"
"1368","leond003","Leone","Dominic","R","R","SLN","P"
"1369","martc006","Martinez","Carlos","R","R","SLN","P"
"1370","martj008","Martinez","Jose","R","R","SLN","OF"
"1371","mayem001","Mayers","Mike","R","R","SLN","P"
"1372","mejia001","Mejia","Adalberto","R","L","SLN","P"
"1373","mikom001","Mikolas","Miles","R","R","SLN","P"
"1374","milla002","Miller","Andrew","L","L","SLN","P"
"1375","moliy001","Molina","Yadier","R","R","SLN","C"
"1376","munoy001","Munoz","Yairo","R","R","SLN","SS"
"1377","oneit001","O'Neill","Tyler","R","R","SLN","OF"
"1378","ozunm001","Ozuna","Marcell","R","R","SLN","OF"
"1379","poncd001","Ponce de Leon","Daniel","R","R","SLN","P"
"1380","raver001","Ravelo","Rangel","R","R","SLN","1B"
"1381","reyea004","Reyes","Alex","R","R","SLN","P"
"1382","robid003","Robinson","Drew","L","R","SLN","3B"
"1383","shrec001","Shreve","Chasen","L","L","SLN","P"
"1384","sosae001","Sosa","Edmundo","R","R","SLN","SS"
"1385","thoml002","Thomas","Lane","R","R","SLN","OF"
"1386","wachm001","Wacha","Michael","R","R","SLN","P"
"1387","waina001","Wainwright","Adam","R","R","SLN","P "
"1388","webbt001","Webb","Tyler","R","L","SLN","P"
"1389","wietm001","Wieters","Matt","B","R","SLN","C"
"1390","wongk001","Wong","Kolten","L","R","SLN","2B"
"1391","aguij001","Aguilar","Jesus","R","R","TBA","1B"
"1392","alvaj004","Alvarado","Jose","L","L","TBA","P"
"1393","anden001","Anderson","Nick","R","R","TBA","P"
"1394","arroc001","Arroyo","Christian","R","R","TBA","3B"
"1395","banda001","Banda","Anthony","L","L","TBA","P"
"1396","beekj001","Beeks","Jalen","L","L","TBA","P"
"1397","bemba001","Bemboom","Anthony","L","R","TBA","C"
"1398","brosm001","Brosseau","Michael","R","R","TBA","3B"
"1399","castd002","Castillo","Diego","R","R","TBA","P"
"1400","chiry001","Chirinos","Yonny","R","R","TBA","P"
"1401","choij001","Choi","Ji-Man","L","R","TBA","OF"
"1402","ciufn001","Ciuffo","Nick","L","R","TBA","C"
"1403","darnt001","d'Arnaud","Travis","R","R","TBA","C"
"1404","davij009","Davis","Johnny","B","R","TBA","OF"
"1405","delej003","De Leon","Jose","R","R","TBA","P"
"1406","diazy001","Diaz","Yandy","R","R","TBA","OF"
"1407","drako001","Drake","Oliver","R","R","TBA","P"
"1408","duffm002","Duffy","Matt","R","R","TBA","IF"
"1409","fairp001","Fairbanks","Peter","R","R","TBA","P"
"1410","farij001","Faria","Jacob","R","R","TBA","P"
"1411","fontw001","Font","Wilmer","R","R","TBA","P"
"1412","garca003","Garcia","Avisail","R","R","TBA","OF"
"1413","gibai001","Gibaut","Ian","R","R","TBA","P"
"1414","glast001","Glasnow","Tyler","L","R","TBA","P"
"1415","hereg002","Heredia","Guillermo","R","L","TBA","OF"
"1416","kierk001","Kiermaier","Kevin","L","R","TBA","OF"
"1417","kitta001","Kittredge","Andrew","R","R","TBA","P"
"1418","kolaa001","Kolarek","Adam","L","L","TBA","P"
"1419","krate001","Kratz","Erik","R","R","TBA","C"
"1420","loweb001","Lowe","Brandon","L","R","TBA","2B"
"1421","lowen001","Lowe","Nate","L","R","TBA","1B"
"1422","mckab001","McKay","Brendan","L","L","TBA","P"
"1423","meada001","Meadows","Austin","L","L","TBA","OF"
"1424","milnh001","Milner","Hoby","L","L","TBA","P"
"1425","mortc002","Morton","Charlie","R","R","TBA","P"
"1426","pagae001","Pagan","Emilio","L","R","TBA","P"
"1427","perem005","Perez","Michael","L","R","TBA","C"
"1428","phamt001","Pham","Tommy","R","R","TBA","OF"
"1429","pintr002","Pinto","Ricardo","R","R","TBA","P"
"1430","pochc001","Poche","Colin","L","L","TBA","P"
"1431","pruia001","Pruitt","Austin","R","R","TBA","P"
"1432","richt001","Richards","Trevor","R","R","TBA","P"
"1433","robed004","Robertson","Daniel","R","R","TBA","SS"
"1434","roe-c001","Roe","Chaz","R","R","TBA","P"
"1435","sadlc002","Sadler","Casey","R","R","TBA","P"
"1436","slega001","Slegers","Aaron","R","R","TBA","P"
"1437","snelb001","Snell","Blake","L","L","TBA","P"
"1438","sogae001","Sogard","Eric","L","R","TBA","2B"
"1439","stanr002","Stanek","Ryne","R","R","TBA","P"
"1440","sulsc001","Sulser","Cole","R","R","TBA","P"
"1441","velaa001","Velazquez","Andrew","B","R","TBA","SS"
"1442","wendj002","Wendle","Joey","L","R","TBA","2B"
"1443","wongk002","Wong","Kean","L","R","TBA","2B"
"1444","woodh001","Wood","Hunter","R","R","TBA","P"
"1445","yarbr001","Yarbrough","Ryan","R","L","TBA","P"
"1446","zunim001","Zunino","Mike","R","R","TBA","C"
"1447","andre001","Andrus","Elvis","R","R","TEX","SS"
"1448","biddj001","Biddle","Jesse","L","L","TEX","P"
"1449","birdk001","Bird","Kyle","L","L","TEX","P"
"1450","burkb001","Burke","Brock","L","L","TEX","P"
"1451","cabra002","Cabrera","Asdrubal","B","R","TEX","SS"
"1452","calhw001","Calhoun","Willie","L","R","TEX","OF"
"1453","carpd001","Carpenter","David","R","R","TEX","P"
"1454","chavj001","Chavez","Jesse","R","R","TEX","P"
"1455","choos001","Choo","Shin-Soo","L","L","TEX","OF"
"1456","clase001","Clase","Emmanuel","R","R","TEX","P"
"1457","deshd002","DeShields","Delino","R","R","TEX","OF"
"1458","dowdk001","Dowdy","Kyle","R","R","TEX","P"
"1459","fairp001","Fairbanks","Peter","R","R","TEX","P"
"1460","farrl001","Farrell","Luke","L","R","TEX","P"
"1461","fedet001","Federowicz","Tim","R","R","TEX","C"
"1462","forsl001","Forsythe","Logan","R","R","TEX","2B"
"1463","gallj002","Gallo","Joey","L","R","TEX","OF"
"1464","gibai001","Gibaut","Ian","R","R","TEX","P"
"1465","gomej002","Gomez","Jeanmar","R","R","TEX","P"
"1466","guert002","Guerrieri","Taylor","R","R","TEX","P"
"1467","guzmr001","Guzman","Ronald","L","L","TEX","1B"
"1468","heart001","Hearn","Taylor","L","L","TEX","P"
"1469","heins001","Heineman","Scott","R","R","TEX","OF"
"1470","hernj004","Hernandez","Jonathan","R","R","TEX","P"
"1471","huanw001","Huang","Wei-Chieh","R","R","TEX","P"
"1472","juraa001","Jurado","Ariel","R","R","TEX","P"
"1473","kells001","Kelley","Shawn","R","R","TEX","P"
"1474","kinei001","Kiner-Falefa","Isiah","R","R","TEX","3B"
"1475","leclj001","Leclerc","Jose","R","R","TEX","P"
"1476","lynnl001","Lynn","Lance","B","R","TEX","P"
"1477","martb002","Martin","Brett","L","L","TEX","P"
"1478","martc007","Martin","Chris","R","R","TEX","P"
"1479","mathj001","Mathis","Jeff","R","R","TEX","C"
"1480","mazan001","Mazara","Nomar","L","L","TEX","OF"
"1481","mendy001","Mendez","Yohander","L","L","TEX","P"
"1482","mills001","Miller","Shelby","R","R","TEX","P"
"1483","minom001","Minor","Mike","R","L","TEX","P"
"1484","montr004","Montero","Rafael","R","R","TEX","P"
"1485","odorr001","Odor","Rougned","L","R","TEX","2B"
"1486","paluj001","Palumbo","Joe","L","L","TEX","P"
"1487","payap001","Payano","Pedro","R","R","TEX","P"
"1488","pench001","Pence","Hunter","R","R","TEX","OF"
"1489","sampa001","Sampson","Adrian","R","R","TEX","P"
"1490","santd001","Santana","Danny","B","R","TEX","OF"
"1491","smyld001","Smyly","Drew","L","L","TEX","P"
"1492","solan001","Solak","Nick","R","R","TEX","2B"
"1493","sprij001","Springs","Jeffrey","L","L","TEX","P"
"1494","stjol001","St. John","Locke","L","L","TEX","P"
"1495","trevj001","Trevino","Jose","R","R","TEX","C"
"1496","valdp002","Valdez","Phillips","R","R","TEX","P"
"1497","volqe001","Volquez","Edinson","R","R","TEX","P"
"1498","wisdp001","Wisdom","Patrick","R","R","TEX","3B"
"1499","alfoa002","Alford","Anthony","R","R","TOR","OF"
"1500","biagj001","Biagini","Joe","R","R","TOR","P"
"1501","bichb001","Bichette","Bo","R","R","TOR","SS"
"1502","biggc002","Biggio","Cavan","L","R","TOR","2B"
"1503","borur001","Borucki","Ryan","L","L","TOR","P"
"1504","boshb001","Boshers","Buddy","L","L","TOR","P"
"1505","brits001","Brito","Socrates","L","L","TOR","OF"
"1506","buchc001","Buchholz","Clay","L","R","TOR","P"
"1507","cordj001","Cordero","Jimmy","R","R","TOR","P"
"1508","davij007","Davis","Jonathan","R","R","TOR","OF"
"1509","diazy002","Diaz","Yennsy","R","R","TOR","P"
"1510","drurb001","Drury","Brandon","R","R","TOR","3B"
"1511","dullr001","Dull","Ryan","R","R","TOR","P"
"1512","feier001","Feierabend","Ryan","L","L","TOR","P"
"1513","fishd001","Fisher","Derek","L","R","TOR","OF"
"1514","fontw001","Font","Wilmer","R","R","TOR","P"
"1515","galvf001","Galvis","Freddy","B","R","TOR","SS"
"1516","gavis001","Gaviglio","Sam","R","R","TOR","P"
"1517","gilek001","Giles","Ken","R","R","TOR","P"
"1518","godlz001","Godley","Zack","R","R","TOR","P"
"1519","gricr001","Grichuk","Randal","R","R","TOR","OF"
"1520","guerj002","Guerra","Javy","R","R","TOR","P"
"1521","guerv002","Guerrero","Vladimir","R","R","TOR","3B"
"1522","gurrl001","Gurriel","Lourdes","R","R","TOR","2B"
"1523","hansa001","Hanson","Alen","B","R","TOR","SS"
"1524","hernt002","Hernandez","Teoscar","R","R","TOR","OF"
"1525","hudsd001","Hudson","Daniel","R","R","TOR","P"
"1526","jacke001","Jackson","Edwin","R","R","TOR","P"
"1527","jansd001","Jansen","Danny","R","R","TOR","C"
"1528","kay-a001","Kay","Anthony","L","L","TOR","P"
"1529","kingn001","Kingham","Nick","R","R","TOR","P"
"1530","law-d001","Law","Derek","R","R","TOR","P"
"1531","lucie001","Luciano","Elvis","R","R","TOR","P"
"1532","maill001","Maile","Luke","R","R","TOR","C"
"1533","mayzt001","Mayza","Tim","L","L","TOR","P"
"1534","mcgur002","McGuire","Reese","L","R","TOR","C"
"1535","mckib001","McKinney","Billy","L","L","TOR","OF"
"1536","pannt001","Pannone","Thomas","L","L","TOR","P"
"1537","pheld001","Phelps","David","R","R","TOR","P"
"1538","pillk001","Pillar","Kevin","R","R","TOR","OF"
"1539","ramin001","Ramirez","Neil","R","R","TOR","P"
"1540","reids001","Reid-Foley","Sean","R","R","TOR","P"
"1541","richc002","Richard","Clayton","L","L","TOR","P"
"1542","romaj004","Romano","Jordan","R","R","TOR","P"
"1543","rossz001","Rosscup","Zac","R","L","TOR","P"
"1544","sanca006","Sanchez","Aaron","R","R","TOR","P"
"1545","shafj001","Shafer","Justin","R","R","TOR","P"
"1546","shoem001","Shoemaker","Matt","R","R","TOR","P"
"1547","smoaj001","Smoak","Justin","B","L","TOR","1B"
"1548","sogae001","Sogard","Eric","L","R","TOR","2B"
"1549","stewb001","Stewart","Brock","L","R","TOR","P"
"1550","strom001","Stroman","Marcus","R","R","TOR","P"
"1551","taylb003","Taylor","Beau","L","R","TOR","C"
"1552","tellr001","Tellez","Rowdy","L","L","TOR","1B"
"1553","teper001","Tepera","Ryan","R","R","TOR","P"
"1554","thort002","Thornton","Trent","R","R","TOR","P"
"1555","urenr001","Urena","Richard","B","R","TOR","SS"
"1556","valeb001","Valera","Breyvic","B","R","TOR","2B"
"1557","waguj001","Waguespack","Jacob","R","R","TOR","P"
"1558","zeuct001","Zeuch","T.J.","R","R","TOR","P"
"1559","adamm002","Adams","Matt","L","R","WAS","1B"
"1560","barra001","Barrett","Aaron","R","R","WAS","P"
"1561","barrt004","Barrera","Tres","R","R","WAS","C"
"1562","barrk002","Barraclough","Kyle","R","R","WAS","P"
"1563","blazm001","Blazek","Michael","R","R","WAS","P"
"1564","bourj003","Bourque","James","R","R","WAS","P"
"1565","cabra002","Cabrera","Asdrubal","B","R","WAS","SS"
"1566","corbp001","Corbin","Patrick","L","L","WAS","P"
"1567","difow001","Difo","Wilmer","B","R","WAS","2B"
"1568","dools001","Doolittle","Sean","L","L","WAS","P"
"1569","dozib001","Dozier","Brian","R","R","WAS","2B"
"1570","eatoa002","Eaton","Adam","L","L","WAS","OF"
"1571","eliar001","Elias","Roenis","L","L","WAS","P"
"1572","fedde001","Fedde","Erick","R","R","WAS","P"
"1573","gomey001","Gomes","Yan","R","R","WAS","C"
"1574","gracm003","Grace","Matt","L","L","WAS","P"
"1575","guerj002","Guerra","Javy","R","R","WAS","P"
"1576","hellj001","Hellickson","Jeremy","R","R","WAS","P"
"1577","hudsd001","Hudson","Daniel","R","R","WAS","P"
"1578","jennd003","Jennings","Dan","L","L","WAS","P"
"1579","kendh001","Kendrick","Howie","R","R","WAS","2B"
"1580","kiebc001","Kieboom","Carter","R","R","WAS","SS"
"1581","mcgok002","McGowin","Kyle","R","R","WAS","P"
"1582","millj006","Miller","Justin","R","R","WAS","P"
"1583","nollj001","Noll","Jake","R","R","WAS","3B"
"1584","parrg001","Parra","Gerardo","L","L","WAS","OF"
"1585","raint003","Rainey","Tanner","R","R","WAS","P"
"1586","readr002","Read","Raudy","R","R","WAS","C"
"1587","renda001","Rendon","Anthony","R","R","WAS","2B"
"1588","roblv001","Robles","Victor","R","R","WAS","OF"
"1589","rodnf001","Rodney","Fernando","R","R","WAS","P"
"1590","roset001","Rosenthal","Trevor","R","R","WAS","P"
"1591","rossj002","Ross","Joe","R","R","WAS","P"
"1592","sanca004","Sanchez","Anibal","R","R","WAS","P"
"1593","sanca007","Sanchez","Adrian","R","R","WAS","2B"
"1594","schem001","Scherzer","Max","R","R","WAS","P"
"1595","sippt001","Sipp","Tony","L","L","WAS","P"
"1596","sotoj001","Soto","Juan","L","L","WAS","OF"
"1597","steva001","Stevenson","Andrew","L","L","WAS","OF"
"1598","stras001","Strasburg","Stephen","R","R","WAS","P"
"1599","strih001","Strickland","Hunter","R","R","WAS","P"
"1600","suerw002","Suero","Wander","R","R","WAS","P"
"1601","suzuk001","Suzuki","Kurt","R","R","WAS","C"
"1602","taylm002","Taylor","Michael","R","R","WAS","OF"
"1603","turnt001","Turner","Trea","R","R","WAS","SS"
"1604","ventj001","Venters","Jonny","L","L","WAS","P"
"1605","votha001","Voth","Austin","R","R","WAS","P"
"1606","willa003","Williams","Austen","R","R","WAS","P"
"1607","zimmr001","Zimmerman","Ryan","R","R","WAS","1B"
